"id","year","state_name","state_code","district_name","district_code","registration_circles","tampering_computer_source_documents","ransom_ware","offences_other_than_ransom_ware","dishonestly_recv_stolen_computer_resource","identity_theft","cheating_personation_using_computer_resource","violation_privacy","cyber_terrorism","pub_trans_obscene_material_electronic","publish_transmit_sexually_explicit_mtrl","publish_transmit_material_depict_child_sexually","preservation_retention_information_intermediaries","other_67_it","inter_ception_monitoring_decryption_information","un_authorized_access_attempt_protected_computer","breach_confidentiality_privacy","publication_elec_signatures_fraudulent","abetment_commit_offences","attempt_commit_offences","other_it","abetment_suicide_107_108_bns_305","cyber_stalking_bullying_women_children","sexual_intercourse_deceitful_means","organized_cyber_crimes","publishing_false_misleading_information_india_bns","data_theft","credit_card_debit","fraud_atms","online_banking_fraud","otp_frauds","gaming_app_website_fraud","marketing_investment_fraud","fraud_call_vishing","wallet_upi_fraud","other_frauds","cheating_420_ipc","offences_ipc_bns_it_forgery","defamation_morphing","fake_profile","counterfeiting_currency","counterfeiting_stamps","cyber_blackmailing_threatening","fake_news_social_media","other_offences_bns_ipc_it","offences_sll_it_gambling","offences_sll_it_lotteries","copy_right","trade_marks","other_sll_crimes"
1,2024,"Andaman And Nicobar Islands",35,"Nicobars",603,"Nicobar",0,0,0,0,0,0,0,0,0,0,1,0,0,0,0,0,0,0,0,0,0,0,0,0,0,0,0,0,0,0,0,0,0,0,0,0,0,0,0,0,0,0,0,0,0,0,0,0,0
2,2024,"Andaman And Nicobar Islands",35,"North And Middle Andaman",632,"North & Middle Andaman",0,0,0,0,0,0,0,0,0,2,3,0,0,0,0,0,0,0,0,0,0,1,0,0,0,0,0,0,0,0,0,0,0,0,0,2,0,0,0,0,0,0,0,1,0,0,0,0,1
3,2024,"Andaman And Nicobar Islands",35,"South Andamans",602,"South Andaman",0,0,0,0,2,0,0,0,2,1,0,0,0,0,0,0,0,0,0,0,0,0,0,0,0,0,0,0,0,0,0,0,0,0,0,8,0,0,0,0,0,0,0,4,0,0,0,0,0
4,2024,"Andhra Pradesh",28,"Alluri Sitharama Raju",745,"Alluri Sitharama Raju",0,0,0,0,0,0,0,0,0,0,0,0,0,0,0,0,0,0,0,0,0,0,0,0,0,0,0,0,0,0,0,0,0,0,0,25,0,0,2,0,0,0,0,6,0,0,0,0,2
5,2024,"Andhra Pradesh",28,"Anakapalli",744,"Anakapalli",0,0,0,0,1,1,0,0,0,0,0,0,0,0,0,0,0,0,0,0,0,1,0,0,0,2,0,0,69,0,0,0,0,0,2,0,0,0,0,0,0,0,0,29,0,0,0,0,0
6,2024,"Andhra Pradesh",28,"Ananthapuramu",502,"Anantapuramu",0,0,0,0,0,1,0,0,0,0,1,0,0,0,0,0,0,0,0,0,0,6,0,0,0,0,1,1,2,2,3,0,0,0,0,10,0,0,1,0,0,0,5,8,0,0,0,0,0
7,2024,"Andhra Pradesh",28,"Ananthapuramu",502,"Guntakal Railway",0,0,0,0,0,0,0,0,0,0,0,0,0,0,0,0,0,0,0,0,0,0,0,0,0,0,0,0,0,0,0,0,0,0,0,0,0,0,0,0,0,0,0,0,0,0,0,0,0
8,2024,"Andhra Pradesh",28,"Annamayya",753,"Annamayya",0,0,0,0,0,16,0,0,4,2,1,0,0,0,0,0,0,0,0,4,0,0,0,0,0,0,0,0,0,0,0,0,0,0,0,0,0,0,0,0,0,0,0,0,0,0,0,0,0
9,2024,"Andhra Pradesh",28,"Bapatla",750,"Bapatla",0,0,0,0,0,7,0,0,0,0,0,0,0,0,0,0,0,0,0,1,0,0,0,0,0,0,0,0,0,0,0,0,0,0,0,14,0,0,11,0,0,0,10,48,0,0,0,0,0
10,2024,"Andhra Pradesh",28,"Chittoor",503,"Chittoor",0,0,0,0,0,3,0,0,0,0,0,0,0,0,0,0,0,0,0,0,0,0,0,0,0,0,0,0,4,1,0,0,0,0,0,29,0,0,0,0,0,0,1,5,0,0,0,0,0
11,2024,"Andhra Pradesh",28,"Dr. B.R. Ambedkar Konaseema",747,"Dr Br Ambedkar Konaseema",0,0,0,0,0,0,0,0,0,0,0,0,0,0,0,0,0,0,0,1,0,2,0,0,0,0,0,0,0,0,0,0,0,0,0,5,0,0,0,0,0,0,0,1,0,0,0,0,0
12,2024,"Andhra Pradesh",28,"East Godavari",505,"East Godavari",0,0,0,0,10,18,1,0,5,0,4,0,2,0,0,0,0,0,0,0,0,3,0,0,0,0,0,0,0,1,2,2,0,0,1,0,0,0,1,0,0,1,1,2,0,0,0,0,0
13,2024,"Andhra Pradesh",28,"Eluru",748,"Eluru",0,0,0,0,0,0,0,0,0,0,2,0,0,0,0,0,0,0,0,0,0,2,0,0,0,0,3,0,0,4,0,1,6,0,43,1,0,3,2,0,0,6,2,13,0,0,0,0,0
14,2024,"Andhra Pradesh",28,"Guntur",506,"Guntur",0,0,0,0,2,18,1,0,3,0,0,0,0,0,0,0,0,0,0,0,1,8,0,0,0,0,5,0,0,1,0,12,14,0,73,2,1,0,0,0,0,2,16,68,0,0,0,0,0
15,2024,"Andhra Pradesh",28,"Kakinada",746,"Kakinada",0,0,0,0,0,1,0,0,0,0,8,0,0,0,0,0,0,0,0,0,0,0,0,0,0,0,1,0,0,0,0,0,0,0,0,4,0,0,0,0,0,1,0,0,0,0,0,0,0
16,2024,"Andhra Pradesh",28,"Krishna",510,"Krishna",0,0,0,0,0,0,0,0,0,0,4,0,0,0,0,0,0,0,0,0,0,6,0,0,0,0,3,0,2,10,0,17,0,0,33,0,0,0,0,0,0,2,15,9,0,0,0,0,0
17,2024,"Andhra Pradesh",28,"Kurnool",511,"Kurnool",0,0,0,0,0,0,0,0,0,0,3,0,0,0,0,0,0,0,0,4,0,5,0,0,0,0,0,0,0,0,0,0,0,0,0,51,0,0,0,0,0,0,0,0,0,0,0,0,0
18,2024,"Andhra Pradesh",28,"Nandyal",755,"Nandyal",0,0,0,0,1,28,1,0,0,3,3,1,15,0,0,0,0,0,0,0,0,35,6,0,0,0,0,0,0,0,0,0,0,0,0,0,0,0,0,0,0,0,0,0,0,0,0,0,0
19,2024,"Andhra Pradesh",28,"Ntr",749,"Ntr",0,0,0,0,1,5,0,0,0,0,0,0,0,0,0,0,0,0,0,0,0,10,0,0,0,0,4,0,7,3,0,0,0,0,0,157,1,0,0,0,0,0,73,25,0,0,0,0,0
20,2024,"Andhra Pradesh",28,"Ntr",749,"Viiayawada Railway",0,0,0,0,0,0,0,0,0,0,0,0,0,0,0,0,0,0,0,0,0,0,0,0,0,1,0,0,0,0,0,0,0,0,0,1,0,0,0,0,0,0,0,0,0,0,0,0,0
21,2024,"Andhra Pradesh",28,"Palnadu",751,"Palnadu",0,0,0,0,0,0,0,0,0,0,0,0,0,0,0,0,0,0,0,0,0,2,0,0,0,2,0,0,0,0,0,0,0,0,0,13,0,0,0,0,0,4,6,47,0,0,0,0,0
22,2024,"Andhra Pradesh",28,"Parvathipuram Manyam",743,"Parvathipuram Manyam",0,0,0,0,1,0,0,0,0,0,0,0,0,0,0,0,0,0,0,0,0,0,0,0,0,0,0,0,0,0,0,0,0,2,21,0,0,0,0,0,0,0,15,0,0,0,0,0,0
23,2024,"Andhra Pradesh",28,"Prakasam",517,"Prakasam",0,0,0,0,0,0,5,0,0,0,0,0,2,0,0,0,0,0,0,0,0,5,0,0,0,0,2,0,3,5,0,16,0,0,0,27,4,0,0,0,0,0,0,24,0,0,0,0,0
24,2024,"Andhra Pradesh",28,"Sri Potti Sriramulu Nellore",515,"Sri Potti Sriramulu Nellore",0,0,0,0,0,0,0,0,0,0,9,0,0,0,0,0,0,0,0,0,0,3,0,0,0,0,1,0,2,0,0,0,0,0,0,52,2,0,0,0,0,0,17,7,0,0,0,0,0
25,2024,"Andhra Pradesh",28,"Sri Sathya Sai",754,"Sri Sathya Sai",0,0,0,0,0,2,1,0,0,0,0,0,2,0,0,0,0,0,0,1,0,0,0,1,0,0,0,0,0,5,0,0,0,0,26,0,0,0,1,0,0,0,0,0,0,0,0,0,0
26,2024,"Andhra Pradesh",28,"Srikakulam",519,"Srikakulam",0,0,0,0,1,0,1,0,0,0,1,0,0,0,0,0,0,0,0,0,0,3,0,0,0,0,0,0,0,0,0,0,0,0,0,32,0,0,0,0,0,0,20,7,0,0,0,0,0
27,2024,"Andhra Pradesh",28,"Tirupati",752,"Tirupati",0,0,0,3,1,56,1,0,3,5,0,2,0,0,0,0,0,0,0,28,0,6,0,0,0,0,23,22,84,16,0,0,0,0,0,0,0,0,0,0,0,2,0,0,0,0,0,0,0
28,2024,"Andhra Pradesh",28,"Visakhapatnam",520,"Visakhapatnam",0,0,0,0,7,0,0,0,1,0,0,0,0,0,0,0,0,0,0,0,0,45,0,6,0,0,23,0,0,0,0,0,0,0,6,274,1,0,0,0,0,3,10,9,1,0,0,0,0
29,2024,"Andhra Pradesh",28,"Vizianagaram",521,"Vizianagaram",0,0,0,0,30,0,0,0,0,1,0,0,0,0,0,0,0,0,0,0,0,5,0,0,0,0,0,2,1,0,0,0,0,0,0,53,0,0,0,0,0,0,12,8,0,0,0,0,0
30,2024,"Andhra Pradesh",28,"West Godavari",523,"West Godavari",1,0,0,0,13,45,5,0,11,0,0,0,0,0,0,0,0,0,0,0,0,0,0,0,0,0,0,0,0,0,0,0,0,0,0,0,0,0,0,0,0,0,0,0,0,0,0,0,0
31,2024,"Andhra Pradesh",28,"Y.S.R. Kadapa",504,"Ysr",0,0,0,0,0,18,0,0,0,1,1,0,0,0,0,0,0,0,0,0,0,0,0,0,0,0,0,0,0,0,0,0,0,0,0,0,0,0,0,0,0,0,0,0,0,0,0,0,0
32,2024,"Arunachal Pradesh",12,"Anjaw",628,"Anjaw",0,0,0,0,0,0,0,0,0,0,0,0,0,0,0,0,0,0,0,0,0,0,0,0,0,0,0,0,0,0,0,0,0,0,0,0,0,0,0,0,0,0,0,0,0,0,0,0,0
33,2024,"Arunachal Pradesh",12,"Changlang",229,"Changlang",0,0,0,0,0,0,0,0,0,0,0,0,0,0,0,0,0,0,0,0,0,0,0,0,0,0,0,0,0,0,0,0,0,0,0,0,0,0,0,0,0,0,0,0,0,0,0,0,0
34,2024,"Arunachal Pradesh",12,"Dibang Valley",230,"Dibang Valley",0,0,0,0,0,0,0,0,0,0,0,0,0,0,0,0,0,0,0,0,0,0,0,0,0,0,0,0,0,0,0,0,0,0,0,0,0,0,0,0,0,0,0,0,0,0,0,0,0
35,2024,"Arunachal Pradesh",12,"East Kameng",231,"Kameng East",0,0,0,0,0,0,0,0,0,0,0,0,0,0,0,0,0,0,0,0,0,0,0,0,0,0,0,0,0,0,0,0,0,0,0,0,0,0,0,0,0,0,0,0,0,0,0,0,0
36,2024,"Arunachal Pradesh",12,"East Kameng",231,"Kameng West",0,0,0,0,0,0,0,0,0,0,0,0,0,0,0,0,0,0,0,0,0,0,0,0,0,0,0,0,0,0,0,0,0,0,0,0,0,0,0,0,0,0,0,0,0,0,0,0,0
37,2024,"Arunachal Pradesh",12,"East Siang",232,"Siang East",0,0,0,0,0,0,0,0,0,0,0,0,0,0,0,0,0,0,0,0,0,0,0,0,0,0,0,0,0,0,0,0,0,0,0,0,0,0,0,0,0,0,0,0,0,0,0,0,0
38,2024,"Arunachal Pradesh",12,"Kamle",718,"Kamle",0,0,0,0,0,0,0,0,0,0,0,0,0,0,0,0,0,0,0,0,0,0,0,0,0,0,0,0,0,0,0,0,0,0,0,0,0,0,0,0,0,0,0,0,0,0,0,0,0
39,2024,"Arunachal Pradesh",12,"Kra Daadi",677,"Kra Dadi",0,0,0,0,0,0,0,0,0,0,0,0,0,0,0,0,0,0,0,0,0,0,0,0,0,0,0,0,0,0,0,0,0,0,0,0,0,0,0,0,0,0,0,0,0,0,0,0,0
40,2024,"Arunachal Pradesh",12,"Kurung Kumey",233,"Kurung Kumey",0,0,0,0,0,0,0,0,0,0,0,0,0,0,0,0,0,0,0,0,0,0,0,0,0,0,0,0,0,0,0,0,0,0,0,0,0,0,0,0,0,0,0,0,0,0,0,0,0
41,2024,"Arunachal Pradesh",12,"Leparada",724,"Leparada",0,0,0,0,0,0,1,0,0,1,0,0,0,0,0,0,0,0,0,0,0,0,0,0,0,0,0,0,0,0,0,0,0,0,0,0,0,0,0,0,0,0,0,0,0,0,0,0,0
42,2024,"Arunachal Pradesh",12,"Lohit",234,"Lohit",0,0,0,0,0,0,0,0,0,0,0,0,0,0,0,0,0,0,0,0,0,0,0,0,0,0,0,0,0,0,0,0,0,0,0,0,0,0,0,0,0,0,0,0,0,0,0,0,0
43,2024,"Arunachal Pradesh",12,"Longding",666,"Longding",0,0,0,0,0,0,0,0,0,0,0,0,0,0,0,0,0,0,0,0,0,0,0,0,0,0,0,0,0,0,0,0,0,0,0,0,0,0,0,0,0,0,0,0,0,0,0,0,0
44,2024,"Arunachal Pradesh",12,"Lower Dibang Valley",235,"Lower Dibang Valley",0,0,0,0,0,0,0,0,0,0,0,0,0,0,0,0,0,0,0,0,0,0,0,0,0,0,0,0,0,0,0,0,0,0,0,0,0,0,0,0,0,0,0,0,0,0,0,0,0
45,2024,"Arunachal Pradesh",12,"Lower Siang",719,"Lower Siang",0,0,0,0,0,0,0,0,0,0,0,0,0,0,0,0,0,0,0,0,0,0,0,0,0,0,0,0,0,0,0,0,0,0,0,0,0,0,0,0,0,0,0,0,0,0,0,0,0
46,2024,"Arunachal Pradesh",12,"Lower Subansiri",236,"Subansiri Lower",0,0,0,0,0,0,0,0,0,0,0,0,0,0,0,0,0,0,0,0,0,0,0,0,0,0,0,0,0,0,0,0,0,0,0,0,0,0,0,0,0,0,0,0,0,0,0,0,0
47,2024,"Arunachal Pradesh",12,"Namsai",678,"Namsai",0,0,0,0,2,0,0,0,0,0,0,0,0,0,0,0,0,0,0,0,0,0,0,0,0,0,0,0,0,0,0,0,0,0,0,0,0,0,0,0,0,0,0,0,0,0,0,0,0
48,2024,"Arunachal Pradesh",12,"Pakke Kessang",723,"Pakkessang",0,0,0,0,0,0,0,0,0,0,0,0,0,0,0,0,0,0,0,0,0,0,0,0,0,0,0,0,0,0,0,0,0,0,0,0,0,0,0,0,0,0,0,0,0,0,0,0,0
49,2024,"Arunachal Pradesh",12,"Papum Pare",237,"Crime Branch",0,0,0,0,2,65,2,0,0,5,0,0,0,0,0,0,0,0,0,0,0,0,0,0,0,0,0,0,0,0,0,0,0,0,0,0,0,0,0,0,0,0,0,0,0,0,0,0,0
50,2024,"Arunachal Pradesh",12,"Papum Pare",237,"Papum Pare City",0,0,0,0,0,0,0,0,0,0,0,0,0,0,0,0,0,0,0,0,0,0,0,0,0,0,0,0,0,0,0,0,0,0,0,0,0,0,0,0,0,0,0,0,0,0,0,0,0
51,2024,"Arunachal Pradesh",12,"Papum Pare",237,"Papum Pare Rural",0,0,0,0,0,0,0,0,0,0,0,0,0,0,0,0,0,0,0,0,0,0,0,0,0,0,0,0,0,0,0,0,0,0,0,0,0,0,0,0,0,0,0,0,0,0,0,0,0
52,2024,"Arunachal Pradesh",12,"Shi Yomi",725,"Shiyomi",0,0,0,0,0,0,0,0,0,0,0,0,0,0,0,0,0,0,0,0,0,0,0,0,0,0,0,0,0,0,0,0,0,0,0,0,0,0,0,0,0,0,0,0,0,0,0,0,0
53,2024,"Arunachal Pradesh",12,"Siang",679,"Siang",0,0,0,0,0,0,0,0,0,0,0,0,0,0,0,0,0,0,0,0,0,0,0,0,0,0,0,0,0,0,0,0,0,0,0,0,0,0,0,0,0,0,0,0,0,0,0,0,0
54,2024,"Arunachal Pradesh",12,"Tawang",238,"Tawang",0,0,0,0,0,0,0,0,0,0,0,0,0,0,0,0,0,0,0,0,0,0,0,0,0,0,0,0,0,0,0,0,0,0,0,0,0,0,0,0,0,0,0,0,0,0,0,0,0
55,2024,"Arunachal Pradesh",12,"Tirap",239,"Tirap",0,0,0,0,0,0,0,0,0,0,0,0,0,0,0,0,0,0,0,0,0,0,0,0,0,0,0,0,0,0,0,0,0,0,0,0,0,0,0,0,0,0,0,0,0,0,0,0,0
56,2024,"Arunachal Pradesh",12,"Upper Siang",240,"Siang Upper",0,0,0,0,0,0,0,0,0,0,0,0,0,0,0,0,0,0,0,0,0,0,0,0,0,0,0,0,0,0,0,0,0,0,0,0,0,0,0,0,0,0,0,0,0,0,0,0,0
57,2024,"Arunachal Pradesh",12,"Upper Subansiri",241,"Subansiri Upper",0,0,0,0,0,0,0,0,0,0,0,0,0,0,0,0,0,0,0,0,0,0,0,0,0,0,0,0,0,0,0,0,0,0,0,0,0,0,0,0,0,0,0,0,0,0,0,0,0
58,2024,"Arunachal Pradesh",12,"West Siang",243,"Siang West",0,0,0,0,0,0,0,0,0,0,0,0,0,0,0,0,0,0,0,0,0,0,0,0,0,0,0,0,0,0,0,0,0,0,0,0,0,0,0,0,0,0,0,0,0,0,0,0,0
59,2024,"Assam",18,"Bajali",739,"Bajali",0,0,0,0,0,0,0,0,0,4,0,0,0,0,0,0,0,0,0,0,0,0,0,0,0,0,0,0,0,0,0,0,0,0,0,0,0,0,0,0,0,0,0,0,0,0,0,0,0
60,2024,"Assam",18,"Baksa",616,"Baksa",0,0,1,3,0,2,0,0,2,5,4,0,0,0,0,0,0,0,0,0,0,0,0,0,0,0,0,0,0,0,0,0,0,0,0,0,0,0,0,0,0,0,0,0,0,0,0,0,0
61,2024,"Assam",18,"Barpeta",280,"Barpeta",0,0,0,0,0,0,0,0,0,0,0,0,0,0,0,0,0,0,0,16,0,0,0,0,0,0,0,0,0,0,0,0,0,0,0,0,0,0,0,0,0,0,0,0,0,0,0,0,0
62,2024,"Assam",18,"Biswanath",705,"Biswanath",0,0,0,0,0,0,0,0,9,0,0,0,0,0,0,0,0,0,0,0,0,0,0,0,0,0,0,0,0,0,0,0,0,0,0,0,0,0,0,0,0,0,0,0,0,0,0,0,0
63,2024,"Assam",18,"Bongaigaon",281,"Bongaigaon",0,0,0,0,0,0,0,0,0,0,3,0,11,0,0,0,0,0,0,0,0,0,0,0,0,0,0,0,0,0,0,0,0,0,0,0,0,0,0,0,0,0,0,0,0,0,0,0,0
64,2024,"Assam",18,"Cachar",282,"Cachar",0,0,0,0,0,0,0,0,0,0,0,0,18,0,0,0,0,0,0,0,0,0,0,0,0,0,0,0,0,0,0,0,0,0,0,0,0,0,0,0,0,0,0,0,0,0,0,0,0
65,2024,"Assam",18,"Charaideo",708,"Charaideo",0,0,0,0,0,0,0,0,0,0,0,0,2,0,0,0,0,0,0,0,0,0,0,0,0,0,0,0,0,0,0,0,0,0,0,0,0,0,0,0,0,0,0,0,0,0,0,0,0
66,2024,"Assam",18,"Chirang",612,"Chirang",0,0,0,0,0,0,0,0,1,0,0,0,4,0,0,0,0,0,1,0,0,0,0,0,0,0,0,0,0,0,0,0,0,0,0,0,0,0,0,0,0,0,0,0,0,0,0,0,0
67,2024,"Assam",18,"Darrang",283,"Darrang",0,0,0,0,0,0,0,0,0,13,0,0,0,0,0,0,0,0,0,0,0,0,0,0,0,0,0,0,0,0,0,0,0,0,0,0,0,0,0,0,0,0,0,0,0,0,0,0,0
68,2024,"Assam",18,"Dhemaji",284,"Dhemaji",0,0,1,0,0,0,0,0,0,1,0,0,0,0,0,0,0,0,0,0,0,0,0,0,0,0,0,0,0,0,0,0,0,0,0,0,0,0,0,0,0,0,0,0,0,0,0,0,0
69,2024,"Assam",18,"Dhubri",285,"Dhubri",0,0,1,0,1,0,0,0,8,2,0,0,0,0,0,0,0,0,0,0,0,0,0,0,0,0,0,0,0,0,0,0,0,0,0,0,0,0,0,0,0,0,0,0,0,0,0,0,0
70,2024,"Assam",18,"Dibrugarh",286,"Dibrugarh",0,0,0,0,2,5,0,0,0,0,0,0,2,0,0,0,0,0,0,0,0,0,0,0,0,0,0,0,0,0,0,0,0,0,0,0,0,0,0,0,0,0,0,0,0,0,0,0,0
71,2024,"Assam",18,"Dima Hasao",299,"Dima Hasao",0,0,0,0,0,2,0,0,0,1,0,0,1,0,0,0,0,0,0,0,0,0,0,0,0,0,0,0,0,0,0,0,0,0,0,0,0,0,0,0,0,0,0,0,0,0,0,0,0
72,2024,"Assam",18,"Goalpara",287,"Goalpara",0,0,0,0,2,1,1,0,0,0,0,0,9,0,0,0,0,0,0,0,0,0,0,0,0,0,0,0,0,0,0,0,0,0,0,0,0,0,0,0,0,0,0,0,0,0,0,0,0
73,2024,"Assam",18,"Golaghat",288,"Golaghat",0,0,5,0,2,0,0,0,0,0,0,0,0,0,0,0,0,0,0,0,0,0,0,0,0,0,0,0,0,0,0,0,0,0,0,0,0,0,0,0,0,0,0,0,0,0,0,0,0
74,2024,"Assam",18,"Hailakandi",289,"Hailakandi",0,0,0,0,0,0,0,0,3,0,0,0,0,0,0,0,0,0,0,0,0,0,0,0,0,0,0,0,0,0,0,0,0,0,0,0,0,0,0,0,0,0,0,0,0,0,0,0,0
75,2024,"Assam",18,"Hojai",709,"Hojai",0,0,1,0,2,3,1,0,1,14,0,0,4,0,0,0,0,0,0,1,0,0,0,0,0,0,0,0,0,0,0,0,0,0,0,0,0,0,0,0,0,0,0,0,0,0,0,0,0
76,2024,"Assam",18,"Jorhat",290,"Jorhat",0,0,10,0,0,0,0,0,0,0,0,0,0,0,0,0,0,0,0,0,0,0,0,0,0,0,0,0,0,0,0,0,0,0,0,0,0,0,0,0,0,0,0,0,0,0,0,0,0
77,2024,"Assam",18,"Kamrup",291,"Kamrup",0,0,2,7,0,0,0,0,0,0,0,0,14,0,0,0,0,0,0,0,0,0,0,0,0,0,0,0,0,0,0,0,0,0,0,0,0,0,0,0,0,0,0,0,0,0,0,0,0
78,2024,"Assam",18,"Kamrup Metro",618,"Bieo",0,0,0,0,0,0,0,0,0,0,0,0,0,0,0,0,0,0,0,0,0,0,0,0,0,0,0,0,0,0,0,0,0,0,0,0,0,0,0,0,0,0,0,0,0,0,0,0,0
79,2024,"Assam",18,"Kamrup Metro",618,"Cid",0,0,0,0,0,0,0,0,0,0,0,0,0,0,0,0,0,0,0,0,0,0,0,0,0,0,0,0,0,0,0,0,0,0,0,0,0,0,0,0,0,0,0,0,0,0,0,0,0
80,2024,"Assam",18,"Kamrup Metro",618,"Grp",0,0,0,0,1,0,0,0,0,0,0,0,0,0,0,0,0,0,0,0,0,0,0,0,0,0,0,0,0,0,1,0,0,0,0,0,0,0,0,0,0,0,0,0,0,0,0,0,0
81,2024,"Assam",18,"Kamrup Metro",618,"Guwahati City",0,0,3,0,8,5,3,1,12,12,1,0,0,0,0,0,0,0,0,0,0,0,0,0,0,0,0,0,0,0,0,0,0,0,0,0,0,0,0,0,0,0,0,0,0,0,0,0,0
82,2024,"Assam",18,"Kamrup Metro",618,"Rpo",0,0,0,0,0,0,0,0,0,0,0,0,0,0,0,0,0,0,0,0,0,0,0,0,0,0,0,0,0,0,0,0,0,0,0,0,0,0,0,0,0,0,0,0,0,0,0,0,0
83,2024,"Assam",18,"Kamrup Metro",618,"Sou",0,0,0,0,0,0,0,0,0,0,0,0,0,0,0,0,0,0,0,0,0,0,0,0,0,0,0,0,0,0,0,0,0,0,0,0,0,0,0,0,0,0,0,0,0,0,0,0,0
84,2024,"Assam",18,"Kamrup Metro",618,"Stf",0,0,0,0,0,0,0,0,0,0,0,0,0,0,0,0,0,0,0,0,0,0,0,0,0,0,0,0,0,0,0,0,0,0,0,0,0,0,0,0,0,0,0,0,0,0,0,0,0
85,2024,"Assam",18,"Karbi Anglong",292,"Karbi Anglong",0,0,0,0,1,1,2,0,0,0,0,0,10,0,0,0,0,0,0,0,0,0,0,0,0,0,0,0,0,0,0,0,0,0,0,0,0,0,0,0,0,0,0,0,0,0,0,0,0
86,2024,"Assam",18,"Kokrajhar",294,"Kokrajhar",0,0,0,0,0,0,0,0,0,0,0,0,0,0,0,0,0,0,0,12,0,0,0,0,0,0,0,0,0,0,0,0,0,0,0,0,0,0,0,0,0,0,0,0,0,0,0,0,0
87,2024,"Assam",18,"Lakhimpur",295,"Lakhimpur",0,0,0,0,0,0,0,0,0,8,0,0,2,0,0,0,0,0,0,0,0,0,0,0,0,0,0,0,0,0,0,0,0,0,0,0,0,0,0,0,0,0,0,0,0,0,0,0,0
88,2024,"Assam",18,"Majuli",706,"Majuli",0,0,0,0,0,0,0,0,0,0,0,0,0,0,0,0,0,0,0,0,0,0,0,0,0,0,0,0,0,0,0,0,0,0,0,0,0,0,0,0,0,0,0,0,0,0,0,0,0
89,2024,"Assam",18,"Marigaon",296,"Morigaon",0,0,0,0,0,0,0,0,0,0,0,0,12,0,0,0,0,0,0,0,0,0,0,0,0,0,0,0,0,0,0,0,0,0,0,0,0,0,0,0,0,0,0,0,0,0,0,0,0
90,2024,"Assam",18,"Nagaon",297,"Nagaon",0,0,3,0,2,3,2,0,3,0,3,0,0,0,0,0,0,0,0,0,0,0,0,0,0,0,0,0,0,0,0,0,0,0,0,0,0,0,0,0,0,0,0,0,0,0,0,0,0
91,2024,"Assam",18,"Nalbari",298,"Nalbari",0,0,0,2,2,1,3,0,4,0,0,0,7,0,0,0,0,0,0,0,0,0,0,0,0,0,0,0,0,0,0,0,0,0,0,0,0,0,0,0,0,0,0,0,0,0,0,0,0
92,2024,"Assam",18,"Sivasagar",300,"Sibsagar",0,0,0,0,0,0,0,0,0,2,2,0,0,0,0,0,0,0,0,2,0,0,0,0,0,0,0,0,0,0,0,0,0,0,0,0,0,0,0,0,0,0,0,0,0,0,0,0,0
93,2024,"Assam",18,"Sonitpur",301,"Sonitpur",0,0,1,0,0,4,0,0,0,0,0,0,13,0,0,0,0,0,0,3,0,0,0,0,0,0,0,0,0,0,0,0,0,0,0,0,0,0,0,0,0,0,0,0,0,0,0,0,0
94,2024,"Assam",18,"South Salmara Mancachar",707,"South Salmara",0,0,1,0,0,0,0,0,0,4,0,0,0,0,0,0,0,0,0,0,0,0,0,0,0,0,0,0,0,0,0,0,0,0,0,0,0,0,0,0,0,0,0,0,0,0,0,0,0
95,2024,"Assam",18,"Sribhumi",293,"Karimganj",0,0,1,0,2,1,1,0,16,2,0,0,0,0,0,0,0,0,0,0,0,0,0,0,0,0,0,0,0,0,0,0,0,0,0,0,0,0,0,0,0,0,0,0,0,0,0,0,0
96,2024,"Assam",18,"Tamulpur",756,"Tamulpur",0,0,0,0,0,1,0,0,0,0,1,0,0,0,0,0,0,0,0,0,0,0,0,0,0,0,0,0,0,0,0,0,0,0,0,0,0,0,0,0,0,0,0,0,0,0,0,0,0
97,2024,"Assam",18,"Tinsukia",302,"Sadia",0,0,0,0,0,0,0,0,0,0,0,0,2,0,0,0,0,0,0,0,0,0,0,0,0,0,0,0,0,0,0,0,0,0,0,0,0,0,0,0,0,0,0,0,0,0,0,0,0
98,2024,"Assam",18,"Tinsukia",302,"Tinsukia",0,0,0,0,0,3,0,0,0,0,0,0,0,0,0,0,0,0,0,0,0,0,0,0,0,0,0,0,0,0,0,0,0,0,0,0,0,0,0,0,0,0,0,0,0,0,0,0,0
99,2024,"Assam",18,"Udalguri",617,"Udalguri",0,0,0,0,0,0,0,0,0,0,0,0,0,0,0,0,0,0,0,3,0,0,0,0,0,0,0,0,0,0,0,0,0,0,0,0,0,0,0,0,0,0,0,0,0,0,0,0,0
100,2024,"Assam",18,"West Karbi Anglong",710,"Hamren",0,0,1,0,1,1,0,0,0,0,1,0,0,0,0,0,0,0,0,0,0,0,0,0,0,0,0,0,0,0,0,0,0,0,0,0,0,0,0,0,0,0,0,0,0,0,0,0,0
101,2024,"Bihar",10,"Araria",188,"Araria",0,0,0,0,0,0,0,0,0,0,0,0,0,0,0,0,0,0,0,0,0,0,0,0,0,0,0,6,30,0,0,0,0,0,8,1,0,0,14,0,0,0,0,0,0,0,0,0,0
102,2024,"Bihar",10,"Arwal",611,"Arwal",0,0,0,0,0,0,0,0,0,0,0,0,0,0,0,0,0,0,0,0,0,0,0,0,0,0,12,8,9,4,0,0,0,0,0,0,0,0,0,0,0,0,0,0,0,0,0,0,0
103,2024,"Bihar",10,"Aurangabad",189,"Aurangabad",0,0,0,0,0,0,0,0,0,0,0,0,0,0,0,0,0,0,0,0,0,0,0,0,0,0,3,26,20,0,0,0,0,0,5,114,11,0,0,0,0,0,0,3,0,0,0,0,0
104,2024,"Bihar",10,"Banka",190,"Banka",0,0,0,0,0,0,0,0,0,0,0,0,1,0,0,0,0,0,0,0,0,0,0,0,0,0,0,0,0,0,0,0,0,0,0,31,0,0,0,0,0,0,0,8,0,0,0,0,0
105,2024,"Bihar",10,"Begusarai",191,"Begusarai",0,0,0,4,0,0,7,0,2,0,2,0,0,0,0,0,0,0,0,0,0,0,0,0,0,0,35,21,0,0,0,0,0,0,0,0,0,0,0,0,0,0,0,0,0,0,0,0,0
106,2024,"Bihar",10,"Bhagalpur",192,"Bhagalpur",0,0,0,0,0,0,0,0,0,0,0,0,0,0,0,0,0,0,0,0,0,0,0,0,0,0,0,11,87,8,0,0,0,0,0,20,0,0,0,0,0,0,0,0,0,0,0,0,0
107,2024,"Bihar",10,"Bhagalpur",192,"Naugachia",0,0,1,0,0,0,0,0,0,0,4,0,0,0,0,0,0,0,0,0,0,0,0,0,0,0,0,4,0,7,0,0,0,0,0,3,0,0,0,0,0,0,0,0,0,0,0,0,0
108,2024,"Bihar",10,"Bhojpur",193,"Bhojpur",0,0,0,0,0,0,0,0,0,0,0,0,0,0,0,0,0,0,0,0,0,13,0,0,0,0,3,5,0,29,0,0,0,0,0,0,0,0,0,0,0,9,0,69,0,0,0,0,0
109,2024,"Bihar",10,"Buxar",194,"Buxar",0,0,0,0,0,0,0,0,0,0,0,0,0,0,0,0,0,0,0,0,0,0,0,0,0,0,34,27,0,0,0,0,0,0,0,0,0,0,0,0,0,0,0,0,0,0,0,0,0
110,2024,"Bihar",10,"Darbhanga",195,"Darbhanga",0,0,0,0,0,0,0,0,0,0,0,0,0,0,0,0,0,0,0,0,0,0,0,0,0,0,7,2,0,0,1,0,18,16,0,57,0,0,29,0,0,0,0,0,0,0,0,0,0
111,2024,"Bihar",10,"Gaya",196,"Gaya",0,0,0,0,0,0,0,0,0,0,0,0,0,0,0,0,0,0,0,0,0,0,0,0,0,0,85,76,0,0,0,0,0,0,0,31,32,0,0,0,0,0,0,0,0,0,0,0,0
112,2024,"Bihar",10,"Gopalganj",197,"Gopalganj",0,0,0,0,3,7,0,0,0,0,0,0,0,0,0,0,0,0,0,0,0,0,0,0,0,0,0,20,0,0,0,0,0,0,51,51,31,0,0,0,0,0,0,0,8,0,0,0,0
113,2024,"Bihar",10,"Jamui",198,"Jamui",0,0,0,0,0,1,0,0,0,8,0,0,0,0,0,0,0,0,0,0,0,0,0,0,0,0,15,8,9,0,0,0,0,0,0,0,0,0,0,0,0,0,0,0,0,0,0,0,0
114,2024,"Bihar",10,"Jehanabad",199,"Jehanabad",0,0,0,0,0,0,0,0,0,0,0,0,0,0,0,0,0,0,0,0,0,0,0,0,0,0,6,8,11,0,0,0,0,0,0,83,0,0,0,0,0,0,0,0,0,0,0,0,0
115,2024,"Bihar",10,"Kaimur (Bhabua)",200,"Kaimur(Bhabhua)",0,0,0,0,0,0,0,0,0,0,0,0,0,0,0,0,0,0,0,0,0,0,0,0,0,0,5,1,14,0,0,0,0,0,12,0,0,0,0,0,0,0,0,0,0,0,0,0,0
116,2024,"Bihar",10,"Katihar",201,"Katihar",0,0,0,0,0,0,0,0,0,0,0,0,0,0,0,0,0,0,0,0,0,13,0,0,0,0,0,0,0,0,0,0,0,0,0,80,0,0,0,0,0,8,0,4,0,0,0,0,0
117,2024,"Bihar",10,"Katihar",201,"Katihar Railway",0,0,0,0,0,0,0,0,0,0,0,0,0,0,0,0,0,0,0,0,0,0,0,0,0,0,0,0,0,0,0,0,0,0,0,2,0,0,0,0,0,0,0,1,0,0,0,0,0
118,2024,"Bihar",10,"Khagaria",202,"Khagaria",0,0,0,0,0,0,0,0,3,0,0,0,0,0,0,0,0,0,0,0,0,0,0,0,0,0,26,18,0,0,0,0,0,0,0,0,0,0,0,0,0,0,0,0,0,0,0,0,0
119,2024,"Bihar",10,"Kishanganj",203,"Kishanganj",0,0,0,0,0,0,0,0,0,0,0,0,0,0,0,0,0,0,0,0,0,0,0,0,0,0,6,6,6,0,0,0,0,0,5,4,10,0,0,0,0,0,0,0,0,0,0,0,0
120,2024,"Bihar",10,"Lakhisarai",204,"Lakhisarai",0,0,0,0,0,0,2,0,0,0,0,0,0,0,0,0,0,0,0,0,0,0,0,0,0,0,25,30,0,0,0,0,0,0,26,0,0,0,0,0,0,0,0,0,0,0,0,0,0
121,2024,"Bihar",10,"Madhepura",205,"Madhepura",0,0,0,0,1,0,1,0,0,0,0,0,0,0,0,0,0,0,0,0,0,7,0,0,0,0,0,0,0,0,0,0,0,0,58,1,0,0,0,0,0,4,1,7,0,0,0,0,0
122,2024,"Bihar",10,"Madhubani",206,"Madhubani",0,0,0,0,0,4,0,0,0,0,0,0,0,0,0,0,0,0,0,0,0,0,0,0,0,0,18,17,0,0,0,0,0,0,9,0,0,0,0,0,0,0,0,0,0,0,0,0,0
123,2024,"Bihar",10,"Munger",207,"Jamalpur Railway",0,0,0,0,0,0,0,0,0,0,0,0,0,0,0,0,0,0,0,0,0,0,0,0,0,0,0,0,0,0,0,0,0,0,2,0,0,0,0,0,0,0,0,0,0,0,0,0,0
124,2024,"Bihar",10,"Munger",207,"Munger",0,0,0,0,7,0,1,0,0,1,0,0,0,0,0,0,0,0,0,0,0,0,0,0,0,1,24,12,11,0,0,0,0,0,14,0,0,0,0,0,0,2,0,0,0,0,0,0,2
125,2024,"Bihar",10,"Muzaffarpur",208,"Muzaffarpur",0,0,0,0,0,0,0,0,0,0,0,0,0,0,0,0,0,0,0,0,0,10,0,0,0,0,5,7,23,0,0,0,0,0,0,128,40,0,0,0,0,0,0,0,0,0,0,0,0
126,2024,"Bihar",10,"Muzaffarpur",208,"Muzaffarpur Railway",0,0,0,0,0,0,0,0,0,0,0,0,0,0,0,0,0,0,0,0,0,0,0,0,0,0,0,3,0,0,0,0,0,0,0,0,0,0,0,0,0,0,0,0,0,0,0,0,0
127,2024,"Bihar",10,"Nalanda",209,"Nalanda",0,0,0,0,0,0,0,0,0,0,0,0,0,0,0,0,0,0,0,0,0,0,0,0,0,0,19,16,48,0,0,0,0,0,26,189,42,0,23,0,0,0,0,0,0,0,0,0,0
128,2024,"Bihar",10,"Nawada",210,"Nawadah",0,0,12,4,3,0,0,0,0,0,0,0,0,0,0,0,0,0,0,0,0,0,0,10,0,0,61,64,0,0,0,0,0,0,0,0,0,0,0,0,0,0,0,0,0,0,0,0,0
129,2024,"Bihar",10,"Pashchim Champaran",211,"Bagaha",0,0,0,1,0,6,2,1,1,8,2,0,0,0,0,0,0,0,0,0,0,0,0,0,0,0,0,0,0,0,0,0,0,0,0,0,0,0,0,0,0,0,0,0,0,0,0,0,0
130,2024,"Bihar",10,"Pashchim Champaran",211,"Bettiah",0,0,0,0,0,0,0,0,0,0,0,0,0,0,0,0,0,0,0,0,0,0,0,0,0,0,29,21,18,0,0,0,0,0,9,0,0,0,0,0,0,0,0,0,0,0,0,0,0
131,2024,"Bihar",10,"Patna",212,"Anti Terrorist Squad",0,0,0,0,0,0,0,0,0,0,0,0,0,0,0,0,0,0,0,0,0,0,0,0,0,0,0,0,0,0,0,0,0,0,0,0,0,0,0,0,0,0,0,0,0,0,0,0,0
132,2024,"Bihar",10,"Patna",212,"Economic Offences Unit",0,0,0,0,0,0,0,0,0,0,0,0,0,0,0,0,0,0,0,0,0,0,0,0,0,0,0,0,0,0,0,0,0,0,0,8,1,0,0,0,0,0,0,0,0,0,0,0,0
133,2024,"Bihar",10,"Patna",212,"Patna",0,0,2,0,26,18,2,0,5,4,0,0,0,0,0,0,0,0,0,0,0,11,0,0,0,12,85,76,347,0,0,0,0,0,1183,22,63,0,34,0,0,4,0,204,0,0,0,0,0
134,2024,"Bihar",10,"Patna",212,"Patna Railway",0,0,0,0,0,0,0,0,0,0,0,0,0,0,0,0,0,0,0,0,0,0,0,0,0,0,0,0,0,0,0,0,0,0,0,14,0,0,0,0,0,0,0,0,0,0,0,0,0
135,2024,"Bihar",10,"Purbi Champaran",213,"Motihari",0,0,0,0,1,0,0,0,0,0,0,0,0,0,0,0,0,0,0,0,0,0,0,0,0,0,35,18,18,13,3,2,9,0,37,0,0,0,0,0,0,0,0,0,0,0,0,0,0
136,2024,"Bihar",10,"Purnia",214,"Purnea",0,0,0,0,0,0,0,0,0,0,0,0,0,0,0,0,0,0,0,0,0,0,0,0,0,0,6,2,13,1,3,4,8,7,50,0,0,0,0,0,0,0,0,0,0,0,0,0,0
137,2024,"Bihar",10,"Rohtas",215,"Rohtas",0,0,0,0,0,0,0,0,0,0,0,0,0,0,0,0,0,0,0,0,0,0,0,0,0,0,62,61,10,0,0,0,0,0,0,0,0,0,0,0,0,0,0,0,0,0,0,0,0
138,2024,"Bihar",10,"Saharsa",216,"Saharsa",0,0,0,0,0,0,0,0,0,0,0,0,0,0,0,0,0,0,0,0,0,4,0,0,0,0,1,1,0,0,0,0,0,0,56,0,0,0,0,0,0,0,2,4,0,0,0,0,0
139,2024,"Bihar",10,"Samastipur",217,"Samastipur",0,0,0,0,0,0,0,0,0,0,0,0,0,0,0,0,0,0,0,0,0,0,0,0,0,0,9,41,18,0,0,0,0,0,37,0,0,0,0,0,0,3,0,0,0,0,0,0,0
140,2024,"Bihar",10,"Saran",218,"Saran",0,0,0,0,0,0,0,0,0,0,0,0,0,0,0,0,0,0,0,0,0,0,0,0,0,0,28,8,79,0,0,0,0,0,14,257,0,0,6,0,0,19,14,0,0,0,0,0,0
141,2024,"Bihar",10,"Sheikhpura",219,"Sheikhpura",0,0,0,0,0,0,0,0,0,0,0,0,0,0,0,0,0,0,0,0,0,0,0,0,0,0,16,17,7,0,0,0,0,0,0,0,0,0,0,0,0,0,0,0,0,0,0,0,0
142,2024,"Bihar",10,"Sheohar",220,"Sheohar",0,0,0,0,0,1,0,0,0,0,0,0,0,0,0,0,0,0,0,0,0,1,0,0,0,0,0,0,1,0,0,0,0,0,13,0,0,0,0,0,0,0,0,1,0,0,0,0,0
143,2024,"Bihar",10,"Sitamarhi",221,"Sitamarhi",0,0,0,0,2,0,0,0,0,1,0,0,0,0,0,0,0,0,0,0,0,6,0,0,0,0,1,4,25,0,1,4,5,0,0,0,1,0,3,0,0,20,3,3,0,0,0,0,0
144,2024,"Bihar",10,"Siwan",222,"Siwan",0,0,0,0,0,0,0,0,0,0,0,0,0,0,0,0,0,0,0,0,0,0,0,0,0,0,10,27,0,11,0,0,0,0,0,69,66,0,0,0,0,0,0,0,0,0,0,0,0
145,2024,"Bihar",10,"Supaul",223,"Supaul",0,0,0,0,0,0,0,0,0,0,2,0,0,0,0,0,0,0,0,0,0,8,0,0,0,0,2,0,0,2,0,2,12,2,0,0,0,0,0,0,0,8,0,0,0,0,0,0,0
146,2024,"Bihar",10,"Vaishali",224,"Vaishali",0,0,0,9,14,55,27,0,0,2,0,0,0,0,0,0,0,0,0,0,0,0,0,0,0,0,17,29,25,0,0,0,0,0,13,0,0,0,0,0,0,0,0,0,0,0,6,5,0
147,2024,"Chandigarh",4,"Chandigarh",44,"Chandigarh",0,0,1,0,4,0,0,0,3,4,0,0,0,0,0,0,0,0,0,0,0,2,0,3,0,0,4,0,0,0,0,0,0,0,72,19,0,0,1,0,0,3,0,0,0,0,0,0,0
148,2024,"Chhattisgarh",22,"Balod",646,"Balod",0,0,0,0,0,1,0,0,0,3,4,0,0,0,0,0,0,0,0,0,0,0,0,0,0,0,0,0,0,0,0,0,0,0,4,0,0,0,0,0,0,0,0,0,0,0,0,0,0
149,2024,"Chhattisgarh",22,"Balodabazar-Bhatapara",644,"Balodbazar",0,0,1,0,0,1,0,0,5,0,17,2,0,0,0,0,0,0,0,0,0,0,0,0,0,0,0,0,0,0,0,0,0,0,0,0,0,0,0,0,0,0,0,0,0,0,0,0,0
150,2024,"Chhattisgarh",22,"Balrampur-Ramanujganj",649,"Balrampur",0,0,0,0,0,0,0,0,0,0,0,0,0,0,0,0,0,0,0,0,0,1,0,0,0,0,0,0,0,0,0,0,0,0,0,18,0,0,0,0,0,0,0,0,0,0,0,0,0
151,2024,"Chhattisgarh",22,"Bastar",374,"Jagdalpur",0,0,1,0,0,0,0,0,0,1,4,0,3,0,0,0,0,0,0,0,0,0,0,0,0,0,0,1,25,0,0,5,0,2,5,0,0,0,0,0,0,0,0,0,0,0,0,0,0
152,2024,"Chhattisgarh",22,"Bemetara",650,"Bemetra",0,0,0,0,0,0,1,0,0,0,1,0,0,0,0,0,0,0,0,0,0,0,0,0,0,0,0,0,0,0,0,0,0,0,7,0,0,0,0,0,0,0,0,6,0,0,0,0,0
153,2024,"Chhattisgarh",22,"Bijapur",636,"Bizapur",0,0,0,0,0,0,0,0,0,0,0,0,0,0,0,0,0,0,0,0,0,0,0,0,0,0,0,0,0,0,0,0,0,0,0,0,0,0,0,0,0,0,0,0,0,0,0,0,0
154,2024,"Chhattisgarh",22,"Bilaspur",375,"Bilaspur",0,0,0,0,0,0,0,0,45,24,0,0,0,0,0,0,0,0,0,0,0,0,0,0,0,0,0,0,0,0,0,0,0,0,0,0,0,0,0,0,0,0,0,0,0,0,0,0,0
155,2024,"Chhattisgarh",22,"Dakshin Bastar Dantewada",376,"Dantewara",0,0,0,0,0,0,0,0,0,0,5,0,0,0,0,0,0,0,0,0,0,0,0,0,0,0,0,0,0,0,0,0,0,0,3,0,0,0,0,0,0,0,0,1,0,0,0,0,0
156,2024,"Chhattisgarh",22,"Dhamtari",377,"Dhamtari",0,0,0,0,0,0,0,0,0,0,2,0,0,0,0,0,0,0,0,0,0,0,0,0,0,0,0,0,0,0,0,0,0,0,3,0,0,0,1,0,0,0,0,1,0,0,0,0,0
157,2024,"Chhattisgarh",22,"Durg",378,"Durg",0,0,0,0,0,0,0,0,0,8,6,0,0,0,0,0,0,0,0,0,0,0,0,0,0,0,0,0,0,0,0,0,0,0,0,0,0,0,0,0,0,0,0,0,0,0,0,0,0
158,2024,"Chhattisgarh",22,"Gariyaband",645,"Gariyaband",0,0,0,0,0,0,0,0,0,2,0,0,0,0,0,0,0,0,0,0,0,0,0,0,0,0,0,0,0,0,0,0,0,0,0,8,0,0,1,0,0,0,0,2,0,0,0,0,0
159,2024,"Chhattisgarh",22,"Gaurela-Pendra-Marwahi",734,"Gaurela-Pendra-Marwari",0,0,0,0,1,0,0,0,1,1,0,0,0,0,0,0,0,0,0,0,0,0,0,0,0,0,0,0,0,0,0,0,0,0,0,0,0,0,0,0,0,0,0,0,0,0,0,0,0
160,2024,"Chhattisgarh",22,"Janjgir-Champa",379,"Janjgir",0,0,0,0,0,0,0,0,0,9,24,0,0,0,0,0,0,0,0,0,0,0,0,0,0,0,0,0,0,0,0,0,0,0,0,0,0,0,0,0,0,0,0,0,0,0,0,0,0
161,2024,"Chhattisgarh",22,"Jashpur",380,"Jashpur",0,0,0,0,0,0,0,0,0,0,15,0,0,0,0,0,0,0,0,0,0,0,0,0,0,0,0,0,0,0,0,0,0,0,0,5,0,0,0,0,0,0,0,4,0,0,0,0,0
162,2024,"Chhattisgarh",22,"Kabeerdham",382,"Kabirdham",0,0,0,0,0,0,0,0,0,2,6,0,0,0,0,0,0,0,0,0,0,0,0,0,0,0,0,0,0,0,0,0,0,0,0,0,0,0,0,0,0,0,0,0,0,0,0,0,0
163,2024,"Chhattisgarh",22,"Khairagarh-Chhuikhadan-Gandai",759,"Khairagarh - Chhuikhadan-Gandai",0,0,0,0,0,0,0,0,0,0,3,0,0,0,0,0,0,0,0,0,0,0,0,0,0,0,0,0,2,0,0,0,0,0,0,0,0,0,0,0,0,0,0,5,0,0,0,0,0
164,2024,"Chhattisgarh",22,"Kondagaon",643,"Kondagaon",0,0,0,0,0,0,0,0,0,1,0,0,0,0,0,0,0,0,0,0,0,0,0,0,0,0,0,0,0,0,0,0,0,0,0,0,0,0,0,0,0,0,0,0,0,0,0,0,0
165,2024,"Chhattisgarh",22,"Korba",383,"Korba",0,0,0,0,0,0,0,0,0,4,13,0,0,0,0,0,0,0,0,0,0,0,0,0,0,0,0,0,0,0,0,0,0,0,0,0,0,0,0,0,0,0,0,0,0,0,0,0,0
166,2024,"Chhattisgarh",22,"Korea",384,"Koriya",0,0,0,0,0,0,0,0,0,0,1,0,0,0,0,0,0,0,0,0,0,1,0,0,0,0,0,0,0,0,0,0,0,0,0,1,0,0,0,0,0,1,0,1,7,0,0,0,0
167,2024,"Chhattisgarh",22,"Mahasamund",385,"Mahasamund",0,0,0,0,0,0,0,0,0,33,0,0,0,0,0,0,0,0,0,0,0,0,0,0,0,0,0,0,0,0,0,0,0,0,0,0,0,0,0,0,0,0,0,0,0,0,0,0,0
168,2024,"Chhattisgarh",22,"Manendragarh-Chirmiri-Bharatpur(M C B)",760,"Manendragarh-Chirmiri-Bharatpur",0,0,0,0,0,0,0,0,0,14,2,0,0,0,0,0,0,0,0,0,0,0,0,0,0,0,0,0,0,0,0,0,0,0,0,0,0,0,0,0,0,0,0,0,0,0,0,0,0
169,2024,"Chhattisgarh",22,"Mohla-Manpur-Ambagarh Chouki",761,"Mohla-Manpur-Ambagarh Chouki",0,0,0,0,0,0,0,0,0,0,2,0,0,0,0,0,0,0,0,0,0,0,0,0,0,0,0,0,0,0,0,0,0,0,0,3,0,0,0,0,0,0,0,0,0,0,0,0,0
170,2024,"Chhattisgarh",22,"Mungeli",647,"Mungali",0,0,0,0,0,0,0,0,0,1,31,0,0,0,0,0,0,0,0,0,0,0,0,0,0,0,0,1,1,0,0,0,0,0,1,0,0,0,0,0,0,0,0,3,0,0,0,0,0
171,2024,"Chhattisgarh",22,"Narayanpur",637,"Narayanpur",0,0,0,0,0,0,0,0,0,0,0,0,0,0,0,0,0,0,0,0,0,0,0,0,0,0,0,0,0,0,0,0,0,0,0,0,0,0,0,0,0,0,0,0,0,0,0,0,0
172,2024,"Chhattisgarh",22,"Raigarh",386,"Raigarh",0,0,0,0,0,1,0,0,1,1,10,0,0,0,0,0,0,0,0,0,0,0,0,0,0,0,0,0,0,0,0,0,0,0,0,0,0,0,0,0,0,0,0,0,0,0,0,0,0
173,2024,"Chhattisgarh",22,"Raipur",387,"Grp Raipur",0,0,0,0,0,1,0,0,0,0,0,0,0,0,0,0,0,0,0,0,0,0,0,0,0,0,0,0,0,0,0,0,0,0,0,0,0,0,0,0,0,0,0,0,0,0,0,0,0
174,2024,"Chhattisgarh",22,"Raipur",387,"Raipur",0,0,0,0,0,0,0,0,0,32,20,0,0,0,0,0,0,0,0,0,0,0,0,0,0,0,0,0,0,0,0,0,0,0,0,0,0,0,0,0,0,0,0,0,0,0,0,0,0
175,2024,"Chhattisgarh",22,"Rajnandgaon",388,"Rajnandgaon",0,0,0,0,0,0,0,0,0,0,28,0,0,0,0,0,0,0,0,0,0,0,0,0,0,0,0,0,0,0,0,0,0,0,0,19,0,0,0,0,0,0,0,0,0,0,0,0,0
176,2024,"Chhattisgarh",22,"Sakti",762,"Sakti",0,0,0,0,0,0,0,0,0,0,18,0,0,0,0,0,0,0,0,0,0,0,0,0,0,0,0,0,0,0,0,0,0,0,0,0,0,0,0,0,0,0,0,0,0,0,0,0,0
177,2024,"Chhattisgarh",22,"Sarangarh-Bilaigarh",763,"Sarangarh-Bilaigarh",0,0,0,0,0,0,0,0,0,5,0,0,0,0,0,0,0,0,0,0,0,0,0,0,0,0,1,0,0,0,0,0,0,0,0,0,0,0,0,0,0,0,0,0,0,0,0,0,5
178,2024,"Chhattisgarh",22,"Sukma",642,"Sukma",0,0,0,0,0,0,0,0,0,0,0,0,0,0,0,0,0,0,0,0,0,0,0,0,0,0,0,0,0,0,0,0,0,0,0,0,0,0,0,0,0,0,0,0,0,0,0,0,0
179,2024,"Chhattisgarh",22,"Surajpur",648,"Surajpur",0,0,0,0,0,1,0,0,0,1,15,0,0,0,0,0,0,0,0,0,0,0,0,0,0,1,1,0,0,0,0,0,0,0,12,0,0,0,0,0,0,0,0,6,1,0,0,0,0
180,2024,"Chhattisgarh",22,"Surguja",389,"Sarguja",0,0,0,0,0,0,0,0,0,0,37,0,0,0,0,0,0,0,0,0,0,0,0,0,0,0,0,0,0,0,0,0,0,0,0,0,0,0,0,0,0,0,0,0,0,0,0,0,0
181,2024,"Chhattisgarh",22,"Uttar Bastar Kanker",381,"Kanker",0,0,0,0,0,0,0,0,2,0,1,0,3,0,0,0,0,0,0,0,0,2,0,0,0,0,0,0,0,0,0,0,0,0,0,0,0,0,0,0,0,0,0,4,0,0,0,0,0
182,2024,"Delhi",7,"Central",77,"Central",0,0,0,0,3,0,0,0,2,1,4,0,0,0,0,0,0,0,0,0,0,0,0,0,0,0,0,0,0,0,0,0,0,0,0,0,0,0,0,0,0,0,0,0,0,0,0,0,0
183,2024,"Delhi",7,"East",78,"East",0,0,1,0,1,0,0,0,0,0,14,0,0,0,0,0,0,0,0,0,0,1,0,0,0,0,0,0,0,0,0,0,0,0,0,0,0,0,0,0,0,1,0,3,0,0,0,0,0
184,2024,"Delhi",7,"New Delhi",79,"Eow",0,0,0,0,0,0,0,0,0,0,0,0,0,0,0,0,0,0,0,0,0,0,0,0,0,0,0,0,0,0,0,0,0,0,0,0,0,0,0,0,0,0,0,0,0,0,0,0,0
185,2024,"Delhi",7,"New Delhi",79,"Igi Airport",0,0,0,0,0,0,0,0,0,0,0,0,0,0,0,0,0,0,0,0,0,0,0,0,0,0,0,0,0,0,0,0,0,0,0,0,0,0,0,0,0,0,0,0,0,0,0,0,0
186,2024,"Delhi",7,"New Delhi",79,"New Delhi",1,0,0,0,0,0,0,0,0,0,0,0,0,0,0,0,0,0,0,0,0,0,0,0,0,0,0,0,0,0,0,0,0,0,9,0,0,0,0,0,0,0,0,0,0,0,0,0,0
187,2024,"Delhi",7,"New Delhi",79,"Outer North",0,0,1,0,2,0,1,0,1,2,13,0,0,0,0,0,0,0,0,0,0,0,0,0,0,0,3,1,5,1,0,9,0,0,37,2,0,0,0,0,0,0,0,1,0,0,0,0,0
188,2024,"Delhi",7,"New Delhi",79,"Railway",0,0,0,0,0,0,0,0,0,0,0,0,0,0,0,0,0,0,0,0,0,0,0,0,0,0,0,0,0,0,0,0,0,0,0,0,0,0,0,0,0,0,0,0,0,0,0,0,0
189,2024,"Delhi",7,"New Delhi",79,"Spuwac",0,0,0,0,0,0,0,0,0,0,0,0,0,0,0,0,0,0,0,0,0,0,0,0,0,0,0,0,0,0,0,0,0,0,0,0,0,0,0,0,0,0,0,0,0,0,0,0,0
190,2024,"Delhi",7,"New Delhi",79,"Vigilance",0,0,0,0,0,0,0,0,0,0,0,0,0,0,0,0,0,0,0,0,0,0,0,0,0,0,0,0,0,0,0,0,0,0,0,0,0,0,0,0,0,0,0,0,0,0,0,0,0
191,2024,"Delhi",7,"North",80,"North",0,0,0,0,0,0,0,0,0,0,0,0,0,0,0,0,0,0,0,0,0,1,0,0,0,0,0,0,0,0,0,0,0,0,0,0,0,0,0,0,0,0,0,0,0,0,0,0,0
192,2024,"Delhi",7,"North East",81,"North-East",0,0,0,0,1,0,1,0,0,0,0,0,0,0,0,0,0,0,0,0,0,11,0,0,0,0,0,0,0,0,0,0,0,0,0,0,0,0,0,0,0,0,0,1,0,0,0,0,0
193,2024,"Delhi",7,"North West",82,"Crime Branch",0,0,0,0,0,0,0,0,0,0,0,0,0,0,0,0,0,0,0,0,0,0,0,0,0,0,0,0,0,0,0,0,0,0,0,0,0,0,0,0,0,0,0,0,0,0,0,0,0
194,2024,"Delhi",7,"North West",82,"Metro",0,0,0,0,0,0,0,0,0,0,0,0,0,0,0,0,0,0,0,0,0,0,0,0,0,0,0,0,0,0,0,0,0,0,0,0,0,0,0,0,0,0,0,0,0,0,0,0,0
195,2024,"Delhi",7,"North West",82,"North-West",0,0,0,0,6,0,0,0,1,0,17,0,0,0,0,0,0,0,0,0,0,0,0,0,0,0,0,0,0,0,0,0,0,0,0,0,0,0,0,0,0,0,0,0,0,0,0,0,0
196,2024,"Delhi",7,"North West",82,"Outer",0,0,0,0,1,0,0,0,0,2,14,0,0,0,0,0,0,0,0,0,0,1,0,0,0,0,0,0,0,0,0,0,0,0,0,2,0,0,0,0,0,0,0,5,0,0,0,0,0
197,2024,"Delhi",7,"North West",82,"Rohini",0,0,1,0,4,0,2,0,1,3,0,0,1,0,0,0,0,0,0,0,0,0,0,0,0,0,0,0,0,0,0,0,0,0,0,0,0,0,0,0,0,0,0,1,0,0,0,0,0
198,2024,"Delhi",7,"North West",82,"Spl Cell",0,0,6,1,0,0,0,0,1,0,0,0,0,0,0,0,0,0,0,0,0,0,0,0,0,0,0,0,0,0,0,0,0,0,0,0,0,0,0,0,0,0,0,0,0,0,0,0,0
199,2024,"Delhi",7,"Shahdara",671,"Dwarka",0,0,0,0,2,0,0,0,1,1,23,0,0,0,0,0,0,0,0,0,0,1,0,0,0,0,0,0,0,0,0,0,0,0,0,2,0,0,0,0,0,0,0,1,0,0,0,0,0
200,2024,"Delhi",7,"Shahdara",671,"Shahdara",0,0,0,0,1,0,0,0,0,0,2,0,0,0,0,0,0,0,0,0,0,1,0,0,0,1,4,3,0,5,0,2,3,0,6,0,0,0,0,0,0,1,0,0,0,0,0,0,0
201,2024,"Delhi",7,"South",83,"South",0,0,1,0,2,1,0,4,3,0,28,0,0,0,0,0,0,0,0,0,0,2,0,0,0,0,0,0,0,0,0,0,0,0,21,0,0,0,0,0,0,0,0,0,0,0,0,0,0
202,2024,"Delhi",7,"South East",670,"South-East",0,0,1,0,4,1,1,0,0,1,4,0,9,0,0,0,0,0,0,0,0,0,0,0,0,0,0,0,0,0,0,0,0,0,0,0,0,0,0,0,0,0,0,0,0,0,0,0,0
203,2024,"Delhi",7,"South West",84,"South-West",0,1,1,0,0,0,0,0,1,0,9,0,0,0,0,0,0,0,0,0,0,0,0,0,0,0,0,0,0,0,0,0,0,0,0,0,0,0,0,0,0,0,0,0,0,0,0,0,0
204,2024,"Delhi",7,"West",85,"West",0,0,0,0,2,1,2,0,0,1,21,0,4,0,0,0,0,0,0,0,0,0,0,0,0,0,0,0,1,0,0,0,0,0,0,5,0,0,0,0,0,0,0,7,0,0,0,0,0
205,2024,"Goa",30,"North Goa",551,"Cid",0,0,0,0,6,43,0,0,1,3,1,0,0,0,0,0,0,0,0,0,0,0,0,0,0,0,0,0,0,0,0,0,0,0,0,0,0,0,0,0,0,0,0,4,0,0,0,0,0
206,2024,"Goa",30,"North Goa",551,"North Goa",0,0,1,0,3,4,0,0,0,1,0,0,0,0,0,0,0,0,0,0,0,0,0,0,0,0,0,0,0,0,0,0,0,0,0,0,0,0,0,0,0,0,0,0,0,0,0,0,0
207,2024,"Goa",30,"South Goa",552,"South Goa",0,0,0,0,0,6,0,1,1,1,0,0,0,0,0,0,0,0,0,0,0,0,0,0,0,0,0,0,0,0,0,0,0,0,0,0,0,0,0,0,0,0,0,1,0,0,0,0,0
208,2024,"Gujarat",24,"Ahmedabad",438,"Ahmedabad City",0,0,2,0,30,3,1,1,19,20,1,0,0,0,0,0,0,0,0,0,1,9,0,0,0,4,0,0,0,0,0,0,0,0,0,207,22,0,0,0,0,11,1,57,0,0,0,0,7
209,2024,"Gujarat",24,"Ahmedabad",438,"Ahmedabad Rural",0,0,0,0,0,0,0,0,0,0,0,0,0,0,0,0,0,0,0,0,0,2,0,0,0,0,0,0,0,0,0,0,0,0,0,23,1,0,2,0,0,2,0,3,0,0,0,0,0
210,2024,"Gujarat",24,"Ahmedabad",438,"Cyber Ahmedabad Range",0,0,0,0,0,0,0,0,0,1,0,0,0,0,0,0,0,0,0,0,0,0,0,0,0,0,0,0,0,0,0,0,0,0,0,0,2,0,0,0,0,0,0,0,0,0,0,0,0
211,2024,"Gujarat",24,"Ahmedabad",438,"W Rly Ahmedabad",0,0,0,0,0,0,0,0,0,0,0,0,0,0,0,0,0,0,0,0,0,0,0,0,0,4,0,0,0,0,0,0,0,0,0,0,0,0,0,0,0,0,0,1,0,0,0,0,0
212,2024,"Gujarat",24,"Amreli",439,"Amreli",0,0,0,0,5,0,0,0,4,3,0,0,0,0,0,0,0,0,1,0,0,0,0,1,0,0,0,0,0,0,0,0,0,0,0,7,1,0,0,0,0,0,0,7,0,0,0,0,2
213,2024,"Gujarat",24,"Anand",440,"Anand",0,0,0,0,2,1,0,0,1,0,0,0,0,0,0,0,0,0,0,0,0,0,0,0,0,0,1,0,0,0,0,0,0,0,1,11,9,0,0,0,0,0,0,6,0,0,0,0,0
214,2024,"Gujarat",24,"Arvalli",672,"Arvalli",0,0,0,0,3,0,0,0,0,1,0,0,0,0,0,0,0,0,0,0,0,1,0,0,0,0,1,1,0,0,0,0,0,0,2,10,0,0,0,0,0,0,0,0,0,0,0,0,0
215,2024,"Gujarat",24,"Banas Kantha",441,"Banaskantha",0,0,0,0,3,0,1,0,6,0,0,0,0,0,0,0,0,0,0,0,0,0,0,0,0,0,0,0,0,0,0,0,0,0,0,11,0,0,0,0,0,0,0,11,0,0,0,0,0
216,2024,"Gujarat",24,"Bharuch",442,"Bharuch",0,0,0,0,0,0,0,0,2,1,0,0,0,0,0,0,0,0,0,0,0,0,0,0,0,0,0,1,0,0,0,0,0,0,0,4,0,0,12,0,0,0,0,4,0,0,0,0,0
217,2024,"Gujarat",24,"Bhavnagar",443,"Bhavnagar",0,0,0,2,4,1,2,0,0,2,0,0,0,0,0,0,0,0,0,0,0,0,0,0,0,0,0,0,0,0,0,0,0,0,0,3,2,0,1,0,0,1,0,2,0,0,0,0,0
218,2024,"Gujarat",24,"Bhavnagar",443,"Cyber Bhavnagar Range",0,0,0,0,0,0,0,0,0,0,0,0,0,0,0,0,0,0,0,0,0,0,0,0,0,0,0,0,0,0,0,0,0,0,0,7,1,0,0,0,0,0,0,0,0,0,0,0,0
219,2024,"Gujarat",24,"Botad",676,"Botad",0,0,0,0,2,0,0,0,1,1,0,0,0,0,0,0,0,0,0,0,0,0,0,0,0,0,0,0,0,0,0,0,0,1,1,0,0,0,0,0,0,0,0,1,0,0,0,0,0
220,2024,"Gujarat",24,"Chhotaudepur",668,"Chhotaudepur",0,0,0,0,0,0,0,0,0,2,0,0,0,0,0,0,0,0,0,0,0,0,0,0,0,0,0,1,0,0,0,0,0,0,1,0,1,0,0,0,0,0,0,0,0,0,0,0,0
221,2024,"Gujarat",24,"Dahod",445,"Dahod",0,0,0,0,1,1,0,0,0,3,0,0,0,0,0,0,0,0,0,0,0,1,0,0,0,0,0,0,0,0,0,0,0,0,0,13,0,0,0,0,0,0,0,1,0,0,0,0,0
222,2024,"Gujarat",24,"Dangs",444,"Dang",0,0,0,0,0,0,0,0,0,0,0,0,0,0,0,0,0,0,0,2,0,0,0,0,0,0,0,0,0,0,0,0,0,0,0,6,0,0,0,0,0,0,0,0,0,0,0,0,0
223,2024,"Gujarat",24,"Devbhumi Dwarka",674,"Devbhumi Dwarka",0,0,0,0,0,0,0,0,1,2,0,0,0,0,0,0,0,0,0,0,1,1,0,0,0,0,0,0,0,0,0,0,0,0,0,3,4,0,0,0,0,2,0,5,0,0,0,0,0
224,2024,"Gujarat",24,"Gandhinagar",446,"Cid Crime",0,0,0,0,1,0,0,1,0,0,0,0,0,0,0,0,0,0,0,0,0,0,0,0,1,0,0,0,0,0,0,0,0,0,0,9,5,0,0,0,0,0,0,25,1,0,0,0,0
225,2024,"Gujarat",24,"Gandhinagar",446,"Cyber Gandhinagar Range",0,0,0,0,0,0,0,0,0,0,0,0,0,0,0,0,0,0,0,0,0,0,0,0,0,0,0,0,0,0,0,0,0,0,0,13,0,0,0,0,0,2,0,1,0,0,0,0,0
226,2024,"Gujarat",24,"Gandhinagar",446,"Gandhinagar",0,0,1,1,0,3,2,0,0,1,0,0,0,0,0,0,0,0,0,0,0,0,0,0,0,0,0,0,0,0,0,0,0,0,0,6,1,0,0,0,0,0,0,3,0,0,0,0,0
227,2024,"Gujarat",24,"Gir Somnath",675,"Gir Somnath",0,0,0,0,3,2,2,0,0,0,0,0,0,0,0,0,0,0,0,0,0,0,0,0,0,0,0,0,0,0,0,0,0,0,0,2,0,0,0,0,0,1,0,4,0,0,0,0,0
228,2024,"Gujarat",24,"Jamnagar",447,"Jamnagar",0,0,0,0,0,1,0,0,0,0,0,0,0,0,0,0,0,0,0,0,0,2,2,0,0,0,0,1,0,0,0,0,0,0,0,6,2,0,1,0,0,1,0,0,0,0,0,0,0
229,2024,"Gujarat",24,"Junagadh",448,"Cyber Junagadh Range",0,0,0,0,1,1,0,0,3,1,0,0,0,0,0,0,0,0,0,0,0,0,0,0,0,0,0,0,1,0,0,0,0,0,0,8,3,0,0,0,0,1,0,0,0,0,0,0,0
230,2024,"Gujarat",24,"Junagadh",448,"Junagadh",0,0,0,0,1,0,0,0,2,2,0,0,0,0,0,0,0,0,0,0,0,1,0,0,0,0,0,0,0,0,0,0,0,0,0,1,1,0,0,0,0,1,0,1,0,0,0,0,0
231,2024,"Gujarat",24,"Kachchh",449,"Cyber Border Range",0,0,0,0,0,0,0,0,0,0,0,0,0,0,0,0,0,0,0,0,0,0,0,0,0,0,0,0,0,0,0,0,0,0,0,7,0,0,0,0,0,0,0,0,0,0,0,0,1
232,2024,"Gujarat",24,"Kachchh",449,"Kachchh East(G)",0,0,0,0,4,0,0,1,0,0,0,0,0,0,0,0,0,0,0,0,0,0,0,0,0,0,3,0,15,0,0,0,0,0,0,5,0,0,0,0,0,0,0,4,0,0,0,0,0
233,2024,"Gujarat",24,"Kachchh",449,"Kachchh West(B)",0,0,0,0,1,0,0,0,4,1,0,0,0,0,0,0,0,0,0,0,0,0,0,0,0,0,0,0,6,0,0,0,0,0,0,0,0,0,0,0,0,0,0,5,0,0,0,0,0
234,2024,"Gujarat",24,"Kheda",450,"Kheda",0,0,0,0,0,0,0,0,5,0,0,0,0,0,0,0,0,0,0,0,0,0,0,0,0,0,0,0,0,0,0,0,0,0,0,39,5,0,0,0,0,0,0,8,0,0,0,0,0
235,2024,"Gujarat",24,"Mahesana",451,"Mehsana",0,0,0,0,1,0,0,0,2,2,0,0,0,0,0,0,0,0,0,0,0,0,2,0,0,0,0,0,0,0,0,0,0,0,0,7,0,0,2,0,0,0,0,16,0,0,0,0,0
236,2024,"Gujarat",24,"Mahisagar",669,"Mahisagar",0,0,0,0,4,0,0,0,0,0,1,0,0,0,0,0,0,0,0,0,0,0,0,0,0,0,0,0,0,0,0,0,0,0,0,3,2,0,0,1,0,1,0,2,0,0,0,0,2
237,2024,"Gujarat",24,"Morbi",673,"Morbi",0,0,0,0,0,0,0,0,0,4,0,0,0,0,0,0,0,0,0,0,0,0,0,0,0,0,0,0,0,0,0,0,0,0,0,17,0,0,0,0,0,0,0,2,0,0,0,0,1
238,2024,"Gujarat",24,"Narmada",452,"Narmada",0,0,0,0,0,0,0,0,0,0,0,0,0,0,0,0,0,0,0,0,0,0,0,0,0,0,0,0,0,0,0,1,0,0,0,0,0,0,0,0,0,0,0,2,0,0,0,0,0
239,2024,"Gujarat",24,"Navsari",453,"Navsari",0,0,0,0,0,0,0,0,0,0,0,0,0,0,0,0,0,0,0,0,0,0,0,0,0,1,0,0,0,0,0,0,0,0,1,8,0,0,0,0,0,0,0,0,0,0,0,0,2
240,2024,"Gujarat",24,"Panch Mahals",454,"Cyber Panchmahal Range",0,0,0,0,0,0,0,0,0,1,0,0,0,0,0,0,0,0,0,0,0,0,0,0,0,0,0,0,0,0,0,0,0,0,0,0,2,0,0,0,0,0,0,0,0,0,0,0,0
241,2024,"Gujarat",24,"Panch Mahals",454,"Panchmahal",0,0,0,0,2,3,0,0,1,0,1,0,0,0,0,1,0,0,0,0,0,0,0,0,0,0,0,0,21,0,0,0,0,0,0,0,0,0,0,0,0,0,0,10,0,0,0,0,0
242,2024,"Gujarat",24,"Patan",455,"Patan",0,0,0,0,2,2,1,0,0,0,0,0,0,0,0,0,0,0,0,0,0,0,0,0,0,0,0,0,1,0,0,6,1,1,0,0,0,0,1,0,0,0,0,0,2,0,0,0,3
243,2024,"Gujarat",24,"Porbandar",456,"Porbandar",0,0,0,0,5,0,1,0,0,1,1,0,0,0,0,1,0,0,0,0,0,0,0,0,0,0,0,0,0,0,0,0,0,0,0,1,3,0,0,0,0,0,0,2,0,0,0,0,0
244,2024,"Gujarat",24,"Rajkot",457,"Cyber Rajkot Range",0,0,0,0,0,2,0,0,0,0,0,0,0,0,0,0,0,0,0,0,0,0,0,0,0,0,0,0,0,0,0,0,0,0,0,2,0,0,0,0,0,0,0,0,0,0,0,0,0
245,2024,"Gujarat",24,"Rajkot",457,"Rajkot City",0,0,0,0,9,4,0,0,0,0,5,0,0,0,0,0,0,0,0,0,0,2,0,0,0,0,0,0,0,0,0,0,0,0,0,31,1,0,0,0,0,1,0,5,0,0,0,0,0
246,2024,"Gujarat",24,"Rajkot",457,"Rajkot Rural",0,0,0,0,0,3,0,0,3,0,1,1,0,0,0,0,0,0,0,0,0,0,0,0,0,0,0,0,0,0,0,0,0,0,0,8,0,0,0,0,0,1,0,8,0,0,0,0,0
247,2024,"Gujarat",24,"Sabar Kantha",458,"Sabarkantha",0,0,0,0,0,0,0,0,0,1,0,0,0,0,0,0,0,0,0,0,0,0,0,0,0,0,0,0,0,0,0,0,0,0,0,2,0,0,0,0,0,0,0,2,0,0,0,0,0
248,2024,"Gujarat",24,"Surat",459,"Cyber Surat Range",0,0,0,0,0,0,0,0,0,0,0,0,0,0,0,0,0,0,0,0,0,0,0,0,0,0,0,0,0,0,0,0,0,0,0,0,0,0,0,0,0,0,0,0,0,0,0,0,0
249,2024,"Gujarat",24,"Surat",459,"Surat City",0,0,0,0,64,3,2,0,3,3,0,0,0,0,0,0,0,0,0,0,1,0,0,0,0,4,0,0,0,0,0,0,0,0,0,137,19,0,0,0,0,7,0,23,0,0,0,0,0
250,2024,"Gujarat",24,"Surat",459,"Surat Rural",0,0,0,0,0,1,0,0,1,0,0,0,0,0,0,0,0,0,0,0,0,0,0,0,0,0,0,0,0,0,0,0,0,0,0,29,2,0,0,0,0,0,0,3,0,0,0,0,0
251,2024,"Gujarat",24,"Surendranagar",460,"Surendranagar",0,0,0,0,3,0,0,0,0,1,0,0,0,0,0,0,0,0,0,0,0,1,0,0,0,0,0,0,0,0,0,0,0,0,6,0,0,0,0,0,0,0,0,1,0,0,0,0,1
252,2024,"Gujarat",24,"Tapi",641,"Tapi",0,0,0,0,0,0,0,0,0,0,0,0,0,0,0,0,0,0,0,0,0,0,0,0,0,0,0,0,0,0,1,3,1,0,0,0,2,0,0,0,0,0,0,0,0,0,0,0,0
253,2024,"Gujarat",24,"Vadodara",461,"Cyber Vadodara Range",0,0,0,0,0,0,0,0,0,0,0,0,0,0,0,0,0,0,0,0,0,0,0,0,0,0,0,0,0,0,0,0,0,0,0,0,0,0,0,0,0,0,0,0,0,0,0,0,0
254,2024,"Gujarat",24,"Vadodara",461,"Vadodara City",0,0,0,0,3,0,0,0,0,9,0,0,0,0,0,0,0,0,0,0,0,7,0,0,0,0,0,0,0,0,0,0,0,0,0,42,3,0,0,0,0,2,0,10,0,0,0,0,0
255,2024,"Gujarat",24,"Vadodara",461,"Vadodara Rural",0,0,0,0,1,0,0,0,1,0,0,0,0,0,0,0,0,0,0,0,0,0,0,0,0,0,0,0,0,0,0,0,0,0,0,1,1,0,0,0,0,1,0,2,0,0,0,0,1
256,2024,"Gujarat",24,"Vadodara",461,"W Rly Vadodara",0,0,0,0,0,0,0,0,0,0,0,0,0,0,0,0,0,0,0,0,0,0,0,0,0,0,0,0,0,0,0,0,0,0,0,0,0,0,0,0,0,0,0,4,0,0,0,0,0
257,2024,"Gujarat",24,"Valsad",462,"Valsad",0,0,0,0,0,0,0,0,0,2,0,0,0,0,0,0,0,0,0,0,0,0,0,0,0,0,0,0,0,0,0,0,0,0,0,9,2,0,0,0,0,0,0,0,0,0,0,0,1
258,2024,"Haryana",6,"Ambala",58,"Ambala",0,0,1,0,9,0,0,0,1,5,0,0,0,0,0,0,0,0,0,0,0,0,0,0,0,0,0,0,0,0,0,0,0,0,0,0,0,0,0,0,0,0,0,6,0,0,0,0,1
259,2024,"Haryana",6,"Ambala",58,"Grp",0,0,0,0,0,2,0,0,0,0,0,0,0,0,0,0,0,0,0,0,0,0,0,0,0,0,0,0,0,0,0,0,0,0,0,0,0,0,0,0,0,0,0,0,0,0,0,0,0
260,2024,"Haryana",6,"Bhiwani",59,"Bhiwani",0,0,0,0,0,0,1,0,0,5,0,0,2,0,0,0,0,0,0,0,0,4,0,0,0,0,0,0,0,0,0,0,0,0,0,0,0,0,0,0,0,1,0,0,0,0,0,0,0
261,2024,"Haryana",6,"Charkhi Dadri",701,"Charkhi Dadri",0,0,0,0,0,0,0,0,2,2,0,0,1,0,0,1,0,0,0,0,0,0,0,0,0,0,0,0,0,0,0,0,0,0,0,0,0,0,0,0,0,0,0,0,0,0,0,0,0
262,2024,"Haryana",6,"Faridabad",60,"Faridabad",0,0,3,0,2,0,0,0,0,2,0,0,7,0,0,0,0,0,0,0,0,0,0,0,0,0,0,0,0,0,0,0,0,0,4,10,4,0,0,0,0,3,0,11,0,0,0,0,7
263,2024,"Haryana",6,"Fatehabad",61,"Fatehabad",0,0,0,0,0,2,0,0,1,0,0,0,0,0,0,0,0,0,0,0,0,3,0,0,0,0,0,0,0,0,0,0,0,0,0,0,0,0,0,0,0,0,0,11,0,0,0,0,5
264,2024,"Haryana",6,"Gurugram",62,"Gurugram",0,0,18,1,103,8,2,0,56,27,0,0,0,1,0,0,0,0,0,0,0,3,0,0,0,0,0,0,0,0,0,0,0,0,205,845,14,0,7,0,0,4,8,63,0,0,0,0,0
265,2024,"Haryana",6,"Gurugram",62,"Irrigation & Power",0,0,0,0,0,0,0,0,0,0,0,0,0,0,0,0,0,0,0,0,0,0,0,0,0,0,0,0,0,0,0,0,0,0,0,0,0,0,0,0,0,0,0,0,0,0,0,0,0
266,2024,"Haryana",6,"Hisar",63,"Hansi",0,0,0,0,0,0,1,0,4,0,0,0,0,0,0,0,0,0,0,0,0,0,0,0,0,0,0,0,0,0,0,0,0,0,1,0,1,0,0,0,0,1,0,7,0,0,0,0,0
267,2024,"Haryana",6,"Hisar",63,"Hissar",0,0,0,0,0,5,0,0,0,9,2,0,10,0,0,0,0,0,0,0,0,3,0,0,0,0,0,0,0,0,0,0,0,0,0,2,1,0,1,0,0,0,1,3,0,0,0,0,0
268,2024,"Haryana",6,"Jhajjar",64,"Jhajjar",0,0,0,0,0,0,1,0,1,4,0,0,0,0,0,0,0,0,0,0,0,0,0,0,0,0,0,0,0,0,0,0,0,0,0,0,0,0,0,0,0,0,0,0,0,0,0,0,0
269,2024,"Haryana",6,"Jind",65,"Jind",0,0,0,0,5,1,0,0,2,0,1,0,2,0,0,0,0,0,0,0,0,0,0,0,0,0,0,0,0,0,0,0,0,0,0,0,0,0,0,0,0,0,0,0,0,0,0,0,0
270,2024,"Haryana",6,"Kaithal",66,"Kaithal",0,0,0,0,1,0,0,0,0,0,0,0,1,0,0,0,0,0,0,7,0,1,0,0,0,0,0,0,0,0,0,0,0,0,0,2,1,0,0,0,0,1,0,4,0,0,0,0,0
271,2024,"Haryana",6,"Karnal",67,"Karnal",0,0,0,0,1,1,0,0,0,6,0,0,2,0,0,1,0,0,0,0,0,2,0,0,0,0,0,0,0,0,0,0,0,0,0,0,2,0,0,0,0,0,0,0,0,0,0,0,0
272,2024,"Haryana",6,"Kurukshetra",68,"Kurukshetra",0,0,0,0,0,0,0,0,0,30,0,0,0,0,0,0,0,0,0,0,0,0,0,0,0,0,0,0,0,0,0,0,0,0,0,0,0,0,0,0,0,0,0,0,0,0,0,0,0
273,2024,"Haryana",6,"Mahendragarh",69,"Mahendergarh",0,0,0,0,0,0,0,0,0,0,0,0,0,0,0,0,0,0,0,0,0,0,0,0,0,0,0,0,0,0,0,0,0,0,0,0,0,0,0,0,0,0,0,0,0,0,0,0,0
274,2024,"Haryana",6,"Nuh",604,"Nuh",0,0,1,0,0,0,0,0,0,1,0,0,0,0,0,0,0,0,0,0,0,0,0,0,0,0,0,0,0,0,0,0,0,0,0,0,0,0,0,0,0,0,0,0,0,0,0,0,0
275,2024,"Haryana",6,"Palwal",619,"Palwal",0,0,0,0,0,0,0,0,3,1,0,0,0,0,0,0,0,1,0,0,0,0,0,0,0,0,0,0,0,1,0,0,0,4,0,111,3,0,0,0,0,0,0,0,0,0,0,0,0
276,2024,"Haryana",6,"Panchkula",70,"Panchkula",0,0,1,0,0,1,0,0,1,5,0,1,1,0,0,0,0,0,0,0,0,0,0,0,0,0,0,0,0,0,0,0,0,0,0,0,0,0,0,0,0,0,0,0,0,0,0,0,0
277,2024,"Haryana",6,"Panipat",71,"Panipat",0,0,0,0,0,0,0,0,1,2,0,0,0,0,0,0,0,0,0,0,0,1,0,0,0,0,0,0,0,0,0,0,0,0,0,0,0,0,0,0,0,0,0,7,0,0,0,0,0
278,2024,"Haryana",6,"Rewari",72,"Rewari",0,0,0,0,0,0,0,0,0,5,1,0,0,0,0,0,0,0,0,0,0,0,0,0,0,0,0,0,0,0,0,0,0,0,0,0,0,0,0,0,0,0,0,0,0,0,0,0,0
279,2024,"Haryana",6,"Rohtak",73,"Rohtak",0,0,0,0,0,0,0,0,0,8,1,0,0,0,0,0,0,0,0,0,0,0,0,0,0,0,0,0,0,0,0,0,0,0,0,0,0,0,0,0,0,0,0,0,0,0,0,0,0
280,2024,"Haryana",6,"Sirsa",74,"Dabwali",0,0,0,0,0,0,0,0,0,1,0,0,0,0,0,0,0,0,0,0,0,0,0,0,0,0,0,0,0,0,0,0,0,0,0,0,0,0,0,0,0,0,0,0,0,0,0,0,0
281,2024,"Haryana",6,"Sirsa",74,"Sirsa",0,0,0,0,0,0,0,0,0,6,0,0,0,0,0,0,0,0,0,0,0,0,0,0,0,0,0,0,0,0,0,0,0,0,0,0,0,0,0,0,0,0,0,0,0,0,0,0,0
282,2024,"Haryana",6,"Sonipat",75,"Sonipat",0,0,0,1,4,1,0,0,6,4,0,0,0,0,0,0,0,0,0,0,0,0,0,0,0,0,0,0,0,0,0,0,0,0,0,0,0,0,0,0,0,0,0,0,0,0,0,0,0
283,2024,"Haryana",6,"Yamunanagar",76,"Yamunanagar",0,0,0,0,1,0,1,0,1,10,1,0,0,0,0,0,0,0,0,0,0,0,0,0,0,0,0,0,0,0,0,0,0,0,0,0,0,0,0,0,0,0,0,0,0,0,0,0,0
284,2024,"Himachal Pradesh",2,"Bilaspur",15,"Bilaspur",0,0,0,0,0,0,0,0,0,1,0,0,0,0,0,0,0,0,0,0,0,0,0,0,0,0,0,0,0,0,0,0,0,0,0,0,0,0,0,0,0,0,0,0,0,0,0,0,0
285,2024,"Himachal Pradesh",2,"Chamba",16,"Chamba",0,0,0,0,0,0,0,0,0,0,0,0,0,0,0,0,0,0,0,0,0,0,0,0,0,0,0,0,0,0,0,0,0,0,0,0,0,0,0,0,0,0,0,0,0,0,0,0,0
286,2024,"Himachal Pradesh",2,"Hamirpur",17,"Hamirpur",0,0,0,0,0,1,0,0,0,0,0,0,0,0,0,0,0,0,0,0,0,0,0,0,0,0,0,0,0,0,0,0,0,0,0,0,0,0,0,0,0,0,0,0,0,0,0,0,0
287,2024,"Himachal Pradesh",2,"Kangra",18,"Kangra",0,0,0,0,0,0,0,0,0,3,0,0,0,0,0,0,0,0,0,0,0,0,0,0,0,0,0,0,0,0,0,0,0,0,0,0,0,0,0,0,0,0,0,0,0,0,0,0,0
288,2024,"Himachal Pradesh",2,"Kangra",18,"Nurpur",0,0,0,0,1,0,0,0,0,1,1,0,0,0,0,0,0,0,0,0,0,0,0,0,0,0,0,0,0,0,0,0,0,0,0,0,0,0,0,0,0,0,0,0,0,0,0,0,0
289,2024,"Himachal Pradesh",2,"Kinnaur",19,"Kinnaur",0,0,0,0,2,0,0,0,0,2,0,0,1,0,0,0,0,0,0,0,0,0,0,0,0,0,0,0,0,0,0,0,0,0,0,0,0,0,0,0,0,0,0,0,0,0,0,0,0
290,2024,"Himachal Pradesh",2,"Kullu",20,"Kullu",0,0,0,0,0,0,0,0,0,1,0,0,0,0,0,0,0,0,0,0,0,0,0,0,0,0,0,0,0,0,0,0,0,0,2,0,0,0,0,0,0,0,0,0,0,0,0,0,0
291,2024,"Himachal Pradesh",2,"Lahaul And Spiti",21,"Lahaul & Spiti",0,0,0,0,0,2,0,0,0,0,0,0,0,0,0,0,0,0,0,0,0,0,0,0,0,0,0,0,0,0,0,0,0,0,0,0,0,0,0,0,0,0,0,0,0,0,0,0,0
292,2024,"Himachal Pradesh",2,"Mandi",22,"Mandi",0,0,0,0,0,0,0,0,0,2,0,0,0,0,0,0,0,0,0,0,0,0,0,0,0,0,0,0,0,0,0,0,0,0,0,0,0,0,0,0,0,0,0,0,0,0,0,0,0
293,2024,"Himachal Pradesh",2,"Shimla",23,"Cid",0,0,0,0,0,0,0,0,0,0,0,0,0,0,0,0,0,0,0,0,0,0,0,0,0,0,0,0,0,0,0,0,0,0,0,0,0,0,0,0,0,0,0,0,0,0,0,0,0
294,2024,"Himachal Pradesh",2,"Shimla",23,"Cyber",0,0,0,0,0,91,0,0,0,0,0,0,0,0,0,0,0,0,0,0,0,0,0,0,0,0,0,0,0,0,0,0,0,0,0,20,0,0,0,0,0,0,0,0,0,0,0,0,0
295,2024,"Himachal Pradesh",2,"Shimla",23,"Grp",0,0,0,0,0,0,0,0,0,0,0,0,0,0,0,0,0,0,0,0,0,0,0,0,0,0,0,0,0,0,0,0,0,0,0,0,0,0,0,0,0,0,0,0,0,0,0,0,0
296,2024,"Himachal Pradesh",2,"Shimla",23,"Shimla",0,0,0,0,1,3,0,0,0,0,0,0,0,0,0,0,0,0,0,0,0,0,0,0,0,0,0,0,0,0,0,0,0,0,0,0,0,0,0,0,0,0,0,0,0,0,0,0,0
297,2024,"Himachal Pradesh",2,"Sirmaur",24,"Sirmaur",0,0,0,0,0,0,0,0,0,2,0,0,0,0,0,0,0,0,0,0,0,0,0,0,0,0,0,0,0,0,0,0,0,0,0,0,0,0,0,0,0,0,0,0,0,0,0,0,0
298,2024,"Himachal Pradesh",2,"Solan",25,"Baddi",0,0,0,0,0,1,0,0,3,4,0,0,0,0,0,0,0,0,0,0,0,0,0,0,0,0,0,0,0,0,0,0,0,0,0,0,0,0,0,0,0,0,0,0,0,0,0,0,0
299,2024,"Himachal Pradesh",2,"Solan",25,"Solan",0,0,0,0,0,0,1,0,0,0,0,0,0,0,0,0,0,0,0,0,0,0,0,0,0,0,0,0,0,0,0,0,0,0,0,0,0,0,0,0,0,0,0,0,0,0,0,0,0
300,2024,"Himachal Pradesh",2,"Una",26,"Una",0,0,0,0,0,0,0,0,0,2,0,0,0,0,0,0,0,0,0,0,0,0,0,0,0,0,0,0,0,0,0,0,0,0,0,0,0,0,0,0,0,0,0,0,0,0,0,0,0
301,2024,"Jammu And Kashmir",1,"Anantnag",1,"Anantnag",0,0,0,0,0,0,0,0,0,0,0,0,0,1,0,0,0,0,0,0,0,0,0,0,0,0,0,0,0,0,0,0,0,0,0,0,0,0,0,0,0,0,0,0,0,0,0,0,0
302,2024,"Jammu And Kashmir",1,"Bandipora",623,"Bandipora",0,0,0,0,0,0,0,0,0,2,0,0,0,0,0,0,0,0,0,0,0,0,0,0,0,0,0,0,0,0,0,0,0,0,0,0,0,0,0,0,0,0,0,0,0,0,0,0,0
303,2024,"Jammu And Kashmir",1,"Baramulla",3,"Baramulla",0,0,0,0,0,0,0,0,0,0,0,0,0,0,0,0,0,0,0,0,0,0,0,0,0,0,0,0,0,0,0,0,0,0,0,0,0,0,0,0,0,0,0,0,0,0,0,0,0
304,2024,"Jammu And Kashmir",1,"Baramulla",3,"Sopore",0,0,0,0,0,0,0,0,0,0,0,0,0,0,0,0,0,0,0,2,0,0,0,0,0,0,0,0,0,0,0,0,0,0,0,0,0,0,0,0,0,0,0,0,0,0,0,0,0
305,2024,"Jammu And Kashmir",1,"Budgam",2,"Budgam",0,0,0,0,0,0,0,0,0,0,0,0,0,0,0,0,0,0,0,0,0,0,0,0,0,0,0,0,0,0,0,0,0,0,0,0,0,0,0,0,0,0,0,0,0,0,0,0,0
306,2024,"Jammu And Kashmir",1,"Doda",4,"Doda",0,0,0,0,0,0,0,0,0,0,0,0,0,0,0,0,0,0,0,0,0,1,0,0,0,0,0,0,0,0,0,0,0,0,0,0,0,0,0,0,0,0,1,0,0,0,0,0,0
307,2024,"Jammu And Kashmir",1,"Ganderbal",626,"Ganderbal",0,0,0,0,0,0,0,0,0,0,0,0,0,0,0,0,0,0,0,0,0,0,0,0,0,0,0,0,0,0,0,0,0,0,0,0,0,0,0,0,0,0,0,0,0,0,0,0,0
308,2024,"Jammu And Kashmir",1,"Jammu",5,"Anti Narcotic Task Force Jammu",0,0,0,0,0,0,0,0,0,0,0,0,0,0,0,0,0,0,0,0,0,0,0,0,0,0,0,0,0,0,0,0,0,0,0,0,0,0,0,0,0,0,0,0,0,0,0,0,0
309,2024,"Jammu And Kashmir",1,"Jammu",5,"Cice Jammu",0,0,0,0,0,10,0,0,0,0,0,0,0,0,0,0,0,0,0,0,0,0,0,0,0,0,0,0,0,0,0,0,0,0,0,0,0,0,0,0,0,0,0,0,0,0,0,0,0
310,2024,"Jammu And Kashmir",1,"Jammu",5,"Cice Kashmir",0,0,0,0,0,4,0,0,0,1,0,0,0,0,0,0,0,0,0,0,0,0,0,0,0,0,0,0,0,0,0,0,0,0,0,0,0,0,0,0,0,0,0,0,0,0,0,0,0
311,2024,"Jammu And Kashmir",1,"Jammu",5,"Cyber Crime Jammu",0,2,0,0,2,18,2,0,0,0,0,0,0,0,0,1,0,0,0,0,0,0,0,0,0,0,0,0,0,0,0,0,0,0,0,0,0,0,0,0,0,0,0,0,0,0,0,0,0
312,2024,"Jammu And Kashmir",1,"Jammu",5,"Cyber Crime Kashmir",0,0,0,0,1,7,0,0,0,21,1,0,0,0,0,0,0,0,0,0,0,0,0,0,0,0,0,0,0,0,0,0,0,0,0,0,0,0,0,0,0,0,0,0,0,0,0,0,0
313,2024,"Jammu And Kashmir",1,"Jammu",5,"Eow Jammu",0,0,0,0,0,3,0,0,0,0,0,0,0,0,0,0,0,0,0,0,0,0,0,0,0,0,0,0,0,0,0,0,0,0,0,0,0,0,0,0,0,0,0,0,0,0,0,0,0
314,2024,"Jammu And Kashmir",1,"Jammu",5,"Jammu",0,0,0,0,0,0,0,0,0,0,0,0,0,0,0,0,0,0,0,0,0,0,0,0,0,0,0,0,0,0,0,0,0,0,0,0,0,0,0,0,0,0,0,0,0,0,11,0,0
315,2024,"Jammu And Kashmir",1,"Jammu",5,"Railways Jammu",0,0,0,0,0,0,0,0,0,0,0,0,0,0,0,0,0,0,0,0,0,0,0,0,0,0,0,0,0,0,0,0,0,0,0,0,0,0,0,0,0,0,0,0,0,0,0,0,0
316,2024,"Jammu And Kashmir",1,"Jammu",5,"Railways Kashmir",0,0,0,0,0,0,0,0,0,0,0,0,0,0,0,0,0,0,0,0,0,0,0,0,0,0,0,0,0,0,0,0,0,0,0,0,0,0,0,0,0,0,0,0,0,0,0,0,0
317,2024,"Jammu And Kashmir",1,"Jammu",5,"Special Crime Wing Jammu",0,0,0,0,0,0,0,0,0,0,0,0,0,0,0,0,0,0,0,0,0,0,0,0,0,0,0,0,0,0,0,0,0,0,0,0,0,0,0,0,0,0,0,0,0,0,0,0,0
318,2024,"Jammu And Kashmir",1,"Jammu",5,"Special Crime Wing Kashmir",0,0,0,0,0,0,0,0,0,0,0,0,0,0,0,0,0,0,0,0,0,0,0,0,0,0,0,0,0,0,0,0,0,0,0,0,0,0,0,0,0,0,0,0,0,0,0,0,0
319,2024,"Jammu And Kashmir",1,"Kathua",7,"Kathua",0,0,0,0,0,0,0,0,1,2,0,0,0,0,0,0,0,0,0,0,0,0,0,0,0,0,0,0,0,0,0,0,0,0,0,0,0,0,0,0,0,0,0,0,0,0,0,0,0
320,2024,"Jammu And Kashmir",1,"Kishtwar",620,"Kishtwar",0,0,0,0,0,0,0,0,0,0,0,0,0,0,0,0,0,0,0,0,0,0,0,0,0,0,0,0,0,0,0,0,0,0,0,0,0,0,0,0,0,0,0,0,0,0,0,0,0
321,2024,"Jammu And Kashmir",1,"Kulgam",622,"Kulgam",0,0,0,0,0,0,0,0,0,0,0,0,0,0,0,0,0,0,0,0,0,0,0,0,0,0,0,0,0,0,0,0,0,0,0,0,0,0,0,0,0,0,0,0,0,0,0,0,0
322,2024,"Jammu And Kashmir",1,"Kupwara",8,"Handwara",0,0,0,0,0,0,0,0,0,0,0,0,0,0,0,0,0,0,0,0,0,0,0,0,0,0,0,0,0,0,0,0,0,0,0,0,0,0,0,0,0,0,0,0,0,0,0,0,0
323,2024,"Jammu And Kashmir",1,"Kupwara",8,"Kupwara",0,0,0,0,0,0,0,0,0,0,0,0,0,0,0,0,0,0,0,0,0,0,0,0,0,0,0,0,0,0,0,0,0,0,0,0,0,0,0,0,0,0,0,0,0,0,0,0,0
324,2024,"Jammu And Kashmir",1,"Poonch",10,"Poonch",0,0,0,0,0,0,0,0,0,2,0,0,0,0,0,0,0,0,0,0,0,0,0,0,0,0,0,0,0,0,0,0,0,0,0,0,0,0,0,0,0,0,0,0,0,0,0,0,0
325,2024,"Jammu And Kashmir",1,"Pulwama",11,"Awantipora",0,0,0,0,0,0,0,0,0,0,0,0,0,0,0,0,0,0,0,0,0,0,0,0,0,0,0,0,0,0,0,0,0,0,0,0,0,0,0,0,0,0,0,0,0,0,0,0,0
326,2024,"Jammu And Kashmir",1,"Pulwama",11,"Pulwama",0,0,0,0,0,0,0,0,0,0,0,0,0,0,0,0,0,0,0,0,0,0,0,0,0,0,0,0,0,0,0,0,0,0,0,0,0,0,0,0,0,0,0,0,0,0,0,0,0
327,2024,"Jammu And Kashmir",1,"Rajouri",12,"Rajouri",0,0,0,0,0,1,0,0,0,5,0,0,0,0,0,0,0,0,0,0,0,0,0,0,0,0,0,0,0,0,0,0,0,0,0,0,0,0,0,0,0,0,2,0,0,0,0,0,0
328,2024,"Jammu And Kashmir",1,"Ramban",621,"Ramban",0,0,0,0,0,0,0,0,0,0,0,0,0,0,0,0,0,0,0,0,0,0,0,0,0,0,0,0,0,0,0,0,0,0,0,0,0,0,0,0,0,1,0,1,0,0,0,0,0
329,2024,"Jammu And Kashmir",1,"Reasi",627,"Railways Katra",0,0,0,0,0,0,0,0,0,0,0,0,0,0,0,0,0,0,0,0,0,0,0,0,0,0,0,0,0,0,0,0,0,0,0,0,0,0,0,0,0,0,0,0,0,0,0,0,0
330,2024,"Jammu And Kashmir",1,"Reasi",627,"Reasi",0,0,0,0,0,0,0,0,0,0,0,0,0,0,0,0,0,0,0,0,0,0,0,0,0,0,0,0,0,0,0,0,0,0,0,0,0,0,0,0,0,0,0,0,0,0,0,0,0
331,2024,"Jammu And Kashmir",1,"Samba",624,"Samba",0,0,0,0,0,0,0,0,0,0,0,0,0,0,0,0,0,0,0,0,0,0,0,0,0,0,0,0,0,0,0,0,0,0,0,0,0,0,0,0,0,0,0,0,0,0,0,0,0
332,2024,"Jammu And Kashmir",1,"Shopian",625,"Shopian",0,0,0,0,0,0,0,0,0,0,0,0,0,0,0,0,0,0,0,0,0,0,0,0,0,0,0,0,0,0,0,0,0,0,0,0,0,0,0,0,0,0,0,0,0,0,0,0,0
333,2024,"Jammu And Kashmir",1,"Srinagar",13,"Anti Narcotic Task Force Kashmir",0,0,0,0,0,0,0,0,0,0,0,0,0,0,0,0,0,0,0,0,0,0,0,0,0,0,0,0,0,0,0,0,0,0,0,0,0,0,0,0,0,0,0,0,0,0,0,0,0
334,2024,"Jammu And Kashmir",1,"Srinagar",13,"Eow Kashmir",0,0,0,0,0,1,0,0,0,0,0,0,0,0,0,0,0,0,0,0,0,0,0,0,0,0,0,0,0,0,0,0,0,0,0,0,0,0,0,0,0,0,0,0,0,0,0,0,0
335,2024,"Jammu And Kashmir",1,"Srinagar",13,"Srinagar",0,0,0,0,1,0,0,0,1,0,0,0,0,0,0,0,0,0,0,0,0,0,0,0,0,0,0,0,0,0,0,0,0,0,0,0,0,0,0,0,0,0,0,0,0,0,0,0,0
336,2024,"Jammu And Kashmir",1,"Udhampur",14,"Udhampur",0,0,0,0,1,0,0,0,0,0,0,0,0,0,0,0,0,0,0,4,0,0,0,0,0,0,0,0,0,0,0,0,0,0,0,0,0,0,0,0,0,0,0,0,0,0,0,0,0
337,2024,"Jharkhand",20,"Bokaro",322,"Bokaro",0,0,0,0,24,28,0,0,0,0,0,0,0,0,0,0,0,0,0,9,0,0,0,0,0,0,0,0,0,0,0,0,0,0,0,0,0,0,0,0,0,0,0,0,0,0,0,0,0
338,2024,"Jharkhand",20,"Chatra",323,"Chaibasa",0,0,0,0,10,1,0,0,0,4,0,0,0,0,0,0,0,0,0,0,0,0,0,0,0,0,0,0,0,0,0,0,0,0,0,0,0,0,0,0,0,0,0,0,0,0,0,0,0
339,2024,"Jharkhand",20,"Chatra",323,"Chatra",0,0,0,0,0,31,0,0,0,0,0,0,0,0,0,0,0,0,0,0,0,0,0,0,0,0,0,0,0,0,0,0,0,0,0,0,0,0,0,0,0,0,0,0,0,0,0,0,0
340,2024,"Jharkhand",20,"Deoghar",324,"Deoghar",0,0,144,0,0,0,0,0,0,0,0,0,0,0,0,0,0,0,0,0,0,0,0,0,0,0,0,0,0,0,0,0,0,0,0,0,0,0,0,0,0,0,0,0,0,0,0,0,0
341,2024,"Jharkhand",20,"Dhanbad",325,"Dhanbad",2,0,2,1,61,7,5,0,0,0,0,0,0,0,2,3,3,0,0,11,0,0,0,0,0,0,0,0,0,0,0,0,0,0,0,0,0,0,0,0,0,0,0,0,0,0,0,0,0
342,2024,"Jharkhand",20,"Dhanbad",325,"Dhanbad Railway",0,0,0,0,0,0,0,0,0,0,0,0,0,0,0,0,0,0,0,0,0,0,0,0,0,0,0,0,0,0,0,0,0,0,0,0,0,0,0,0,0,0,0,0,0,0,0,0,0
343,2024,"Jharkhand",20,"Dumka",326,"Dumka",0,0,0,0,18,0,0,0,0,0,0,0,0,0,0,0,0,0,0,0,0,0,0,0,0,0,0,0,0,0,0,0,0,0,0,0,0,0,0,0,0,0,0,0,0,0,0,0,0
344,2024,"Jharkhand",20,"East Singhbum",327,"Jamshedpur",0,0,0,54,200,0,0,0,0,0,0,0,0,0,0,0,0,0,0,0,0,0,0,0,0,0,0,0,0,0,0,0,0,0,0,0,0,0,0,0,0,0,0,0,0,0,0,0,0
345,2024,"Jharkhand",20,"East Singhbum",327,"Jamshedpur Railway",0,0,0,0,6,0,0,0,0,0,0,0,0,0,0,0,0,0,0,0,0,0,0,0,0,0,0,0,0,0,0,0,0,0,0,0,0,0,0,0,0,0,0,0,0,0,0,0,0
346,2024,"Jharkhand",20,"Garhwa",328,"Garhwa",0,0,0,0,43,0,0,0,0,0,1,0,0,0,0,0,0,0,0,0,0,4,0,0,0,0,0,0,0,0,0,0,0,0,0,0,0,0,1,0,0,1,0,0,0,0,0,0,0
347,2024,"Jharkhand",20,"Giridih",329,"Giridih",0,0,0,7,32,4,1,0,0,0,0,2,0,0,0,0,0,0,0,0,0,0,0,0,0,0,0,0,0,0,0,0,0,0,0,0,0,0,0,0,0,0,0,0,0,0,0,0,0
348,2024,"Jharkhand",20,"Godda",330,"Godda",0,0,0,0,13,15,5,0,0,0,0,0,0,0,0,0,0,0,0,0,0,0,0,0,0,0,0,0,0,0,0,0,0,0,0,0,0,0,0,0,0,0,0,0,0,0,0,0,0
349,2024,"Jharkhand",20,"Gumla",331,"Gumla",0,0,0,0,2,7,0,0,0,1,0,0,0,0,0,1,0,0,0,0,0,1,0,0,0,0,0,0,0,0,0,0,0,0,0,0,0,0,0,0,0,0,0,0,0,0,0,0,0
350,2024,"Jharkhand",20,"Hazaribagh",332,"Hazaribagh",0,0,1,0,4,1,0,0,0,0,0,0,0,0,0,0,0,0,0,0,0,2,0,0,0,0,0,4,2,9,0,0,0,0,0,20,5,0,0,0,0,0,0,8,0,0,0,0,0
351,2024,"Jharkhand",20,"Jamtara",333,"Jamtara",0,0,0,8,12,0,0,0,0,0,0,0,0,0,0,0,0,0,0,0,0,0,0,0,0,0,0,30,12,0,0,0,0,0,0,0,0,0,0,0,0,0,0,21,0,0,0,0,0
352,2024,"Jharkhand",20,"Khunti",606,"Khunti",0,0,0,1,2,3,1,0,0,1,0,0,0,0,0,0,0,0,0,0,0,0,0,0,0,0,0,0,0,0,0,0,0,0,0,0,0,0,0,0,0,0,0,0,0,0,0,0,0
353,2024,"Jharkhand",20,"Koderma",334,"Koderma",0,0,0,0,0,0,0,0,0,0,0,0,0,0,0,0,0,0,0,0,0,0,0,0,0,0,0,0,0,0,0,0,0,0,0,0,0,0,0,0,0,0,0,0,0,0,0,0,0
354,2024,"Jharkhand",20,"Latehar",335,"Latehar",0,0,0,0,0,13,0,0,0,0,0,0,1,0,0,0,0,0,0,0,0,0,0,0,0,0,0,0,0,0,0,0,0,0,0,0,0,0,0,0,0,0,0,0,0,0,0,0,0
355,2024,"Jharkhand",20,"Lohardaga",336,"Lohardagga",0,0,0,0,0,0,0,0,0,0,0,0,0,0,0,0,0,0,0,0,0,0,0,0,0,0,0,0,0,0,0,0,0,0,0,0,0,0,0,0,0,0,0,0,0,0,0,0,0
356,2024,"Jharkhand",20,"Pakur",337,"Pakur",0,8,0,0,0,0,0,0,0,0,0,0,0,0,0,0,0,0,0,0,0,0,0,0,0,0,0,0,0,0,0,0,0,0,0,0,0,0,0,0,0,0,0,0,0,0,0,0,0
357,2024,"Jharkhand",20,"Palamu",338,"Palamu",0,0,0,0,6,34,1,0,0,2,0,0,1,0,0,0,0,0,0,1,0,0,0,0,0,0,0,0,0,0,0,0,0,0,0,0,0,0,0,0,0,0,0,0,0,0,0,0,0
358,2024,"Jharkhand",20,"Ramgarh",607,"Ramgarh",0,0,0,0,7,0,0,1,1,2,0,0,1,0,0,0,0,0,0,0,0,0,0,0,0,0,0,0,0,0,0,0,0,0,0,0,0,0,0,0,0,0,0,0,0,0,0,0,0
359,2024,"Jharkhand",20,"Ranchi",339,"Ranchi",0,0,0,93,234,19,0,0,0,0,0,0,0,0,0,0,0,0,0,0,0,0,0,0,0,0,0,0,0,0,0,0,0,0,0,0,0,0,0,0,0,0,0,0,0,0,0,0,0
360,2024,"Jharkhand",20,"Sahebganj",340,"Sahebganj",0,40,0,0,0,0,0,0,0,0,0,0,0,0,0,0,0,0,0,0,0,0,0,0,0,0,0,0,0,0,0,0,0,0,0,0,0,0,0,0,0,0,0,0,0,0,0,0,0
361,2024,"Jharkhand",20,"Saraikela Kharsawan",341,"Saraikela",0,0,0,3,14,7,2,0,1,1,0,0,0,0,0,0,0,0,0,1,0,0,0,0,0,0,0,0,0,0,0,0,0,0,0,0,0,0,0,0,0,0,0,0,0,0,0,0,0
362,2024,"Jharkhand",20,"Simdega",342,"Simdega",0,0,0,0,15,0,0,0,0,0,0,0,0,0,0,0,0,0,0,0,0,0,0,0,0,0,0,0,0,0,0,0,0,0,0,0,0,0,0,0,0,0,0,0,0,0,0,0,0
363,2024,"Karnataka",29,"Bagalkote",524,"Bagalkot",0,0,0,0,2,43,1,0,1,0,0,0,0,0,0,0,0,0,0,0,0,0,0,0,0,0,0,0,0,0,0,0,0,0,0,0,0,0,0,0,0,0,0,0,0,0,0,0,0
364,2024,"Karnataka",29,"Ballari",528,"Ballari",0,0,0,0,0,113,0,0,1,3,1,0,0,0,0,0,0,0,0,0,0,0,0,0,0,0,0,0,0,0,0,0,0,0,0,0,0,0,0,0,0,0,0,0,0,0,0,0,0
365,2024,"Karnataka",29,"Belagavi",527,"Belagavi City",0,0,0,0,0,87,1,0,5,1,5,0,1,0,0,0,0,0,0,0,0,0,0,0,0,0,0,0,0,0,0,0,0,0,0,2,0,0,0,0,0,0,0,0,0,0,0,0,0
366,2024,"Karnataka",29,"Belagavi",527,"Belagavi District",0,0,0,0,46,11,0,0,0,7,0,0,1,0,0,0,0,0,0,0,0,0,0,0,0,0,0,0,0,0,0,0,0,0,0,0,0,0,0,0,0,0,0,0,0,0,0,0,0
367,2024,"Karnataka",29,"Bengaluru South",631,"Ramanagara",0,0,2,0,223,0,2,0,3,3,3,0,0,0,0,0,0,0,0,0,0,0,0,0,0,0,0,0,0,0,0,0,0,0,0,0,0,0,0,0,0,0,0,0,0,0,0,0,0
368,2024,"Karnataka",29,"Bengaluru Urban",525,"Bengaluru City",1,5,54,3,550,16657,41,2,104,66,23,3,37,0,0,4,2,0,8,1,0,0,0,0,0,0,0,0,0,0,0,0,0,0,0,0,0,0,0,0,0,0,0,0,0,0,0,0,0
369,2024,"Karnataka",29,"Bengaluru Urban",525,"Bengaluru District",1,1,0,0,12,799,5,0,5,14,1,1,0,0,0,5,0,0,0,0,0,0,0,0,0,0,0,0,0,0,0,0,0,0,0,0,0,0,0,0,0,0,0,0,0,0,0,0,0
370,2024,"Karnataka",29,"Bengaluru Urban",525,"Krailways",0,0,0,0,0,0,0,0,0,0,0,0,0,0,0,0,0,0,0,0,0,0,0,0,0,0,0,0,0,0,0,0,0,0,0,0,0,0,0,0,0,0,0,0,0,0,0,0,0
371,2024,"Karnataka",29,"Bidar",529,"Bidar",0,0,0,0,1,38,1,0,0,0,1,0,0,0,0,0,0,0,0,0,0,0,0,0,0,0,0,0,0,0,0,0,0,0,0,0,0,0,0,0,0,0,0,0,0,0,0,0,0
372,2024,"Karnataka",29,"Chamarajanagar",531,"Chamarajnagar",0,0,0,0,0,19,2,0,1,1,1,0,0,0,0,0,0,0,0,0,0,0,0,0,0,0,0,0,0,0,0,0,0,0,0,0,0,0,0,0,0,0,0,0,0,0,0,0,0
373,2024,"Karnataka",29,"Chikkaballapura",630,"Chikkaballapura",0,1,0,0,1,184,0,0,0,0,0,0,0,0,0,0,0,0,0,3,0,0,0,0,0,0,0,0,0,0,0,0,0,0,0,0,0,0,0,0,0,0,0,0,0,0,0,0,0
374,2024,"Karnataka",29,"Chikkamagaluru",532,"Chikkamagaluru",0,0,0,0,45,42,0,0,0,2,1,0,1,0,0,0,0,0,0,1,0,0,0,0,0,0,0,0,0,0,0,0,0,0,0,0,0,0,0,0,0,0,0,0,0,0,0,0,0
375,2024,"Karnataka",29,"Chitradurga",533,"Chitradurga",0,0,0,0,30,42,2,0,0,0,0,0,0,0,0,0,0,0,0,0,0,0,0,0,0,0,0,0,0,0,0,0,0,0,0,0,0,0,0,0,0,0,0,0,0,0,0,0,0
376,2024,"Karnataka",29,"Dakshina Kannada",534,"Dakshina Kannada",0,0,1,0,0,94,0,0,6,0,3,0,0,0,0,0,0,0,0,0,0,0,0,0,0,0,0,0,0,0,0,0,0,0,0,0,0,0,0,0,0,0,0,0,0,0,0,0,0
377,2024,"Karnataka",29,"Dakshina Kannada",534,"Mangaluru City",0,0,0,0,16,108,0,0,2,4,3,0,0,0,0,0,0,0,0,4,0,0,0,0,0,0,0,0,0,0,0,0,0,0,0,0,0,0,0,0,0,0,0,0,0,0,0,0,0
378,2024,"Karnataka",29,"Davanagere",535,"Davanagere",0,0,0,0,6,116,0,0,0,1,1,0,1,0,0,0,0,0,0,14,0,0,0,0,0,0,0,0,0,0,0,0,0,0,0,3,0,0,0,0,0,0,0,0,0,0,0,0,0
379,2024,"Karnataka",29,"Dharwad",536,"Dharwad",0,0,0,0,0,63,0,0,2,3,0,0,0,0,0,0,0,0,0,0,0,0,0,0,0,0,0,0,0,0,0,0,0,0,0,0,0,0,0,0,0,0,0,0,0,0,0,0,0
380,2024,"Karnataka",29,"Dharwad",536,"Hubballi Dharwad City",0,0,1,0,14,215,1,1,5,3,0,0,0,0,0,0,0,0,0,0,0,0,0,0,0,0,0,0,0,0,0,0,0,0,0,0,0,0,0,0,0,0,0,0,0,0,0,0,0
381,2024,"Karnataka",29,"Gadag",537,"Gadag",0,0,0,0,16,46,0,0,2,1,2,0,0,0,0,0,0,0,0,0,0,0,0,0,0,0,0,0,0,0,0,0,0,0,0,0,0,0,0,0,0,0,0,0,0,0,0,0,0
382,2024,"Karnataka",29,"Hassan",539,"Hassan",0,0,0,0,0,112,2,0,4,6,7,0,0,0,0,0,0,0,0,0,0,0,0,0,0,0,0,0,0,0,0,0,0,0,0,0,0,0,0,0,0,0,0,0,0,0,0,0,0
383,2024,"Karnataka",29,"Haveri",540,"Haveri",0,0,0,0,0,125,0,0,0,0,0,0,0,0,0,0,0,0,0,0,0,0,0,0,0,0,0,0,0,0,0,0,0,0,0,0,0,0,0,0,0,0,0,0,0,0,0,0,0
384,2024,"Karnataka",29,"Kalaburagi",538,"Kalaburgi",0,0,0,0,1,30,0,0,1,0,1,0,0,0,0,0,0,0,0,0,0,0,0,0,0,0,0,0,0,0,0,0,0,0,0,0,0,0,0,0,0,0,0,0,0,0,0,0,0
385,2024,"Karnataka",29,"Kalaburagi",538,"Kalaburgi City",0,0,0,0,1,28,0,0,0,0,1,0,0,0,0,0,0,0,0,0,0,0,0,0,0,0,0,0,0,0,0,0,0,0,0,0,0,0,0,0,0,0,0,0,0,0,0,0,0
386,2024,"Karnataka",29,"Kodagu",541,"Kodagu",0,0,0,0,1,78,0,0,2,1,0,0,0,0,0,0,0,0,0,0,0,0,0,0,0,0,0,0,0,0,0,0,0,0,0,0,0,0,0,0,0,0,0,0,0,0,0,0,0
387,2024,"Karnataka",29,"Kolar",542,"Kgf",0,0,0,1,1,85,0,0,5,3,2,0,0,0,0,0,0,0,0,0,0,0,0,0,0,0,0,0,0,0,0,0,0,0,0,0,0,0,0,0,0,0,0,0,0,0,0,0,0
388,2024,"Karnataka",29,"Kolar",542,"Kolar",0,0,0,0,0,54,0,0,1,0,3,0,0,0,0,0,0,0,0,0,0,0,0,0,0,0,0,0,0,0,0,0,0,0,0,0,0,0,0,0,0,0,0,0,0,0,0,0,0
389,2024,"Karnataka",29,"Koppal",543,"Koppal",0,0,0,0,2,2,0,0,0,0,1,22,0,0,0,0,0,0,0,0,0,0,0,0,0,0,0,0,0,0,0,0,0,0,0,0,0,0,0,0,0,0,0,0,0,0,0,0,0
390,2024,"Karnataka",29,"Mandya",544,"Mandya",0,0,0,0,54,3,1,0,0,4,5,0,0,0,0,0,0,0,0,0,0,0,0,0,0,0,0,0,0,0,0,0,0,0,0,0,0,0,0,0,0,0,0,0,0,0,0,0,0
391,2024,"Karnataka",29,"Mysuru",545,"Mysuru City",0,0,0,0,17,238,0,0,1,0,1,0,0,0,0,0,0,0,3,0,0,0,0,0,0,0,0,0,0,0,0,0,0,0,0,0,0,0,0,0,0,0,0,0,0,0,0,0,0
392,2024,"Karnataka",29,"Mysuru",545,"Mysuru District",0,0,0,0,1,44,0,0,0,1,0,0,0,0,0,0,0,0,0,0,0,0,0,0,0,0,0,0,0,0,0,0,0,0,0,0,0,0,0,0,0,0,0,0,0,0,0,0,0
393,2024,"Karnataka",29,"Raichur",546,"Raichur",0,0,0,0,0,20,0,0,1,0,0,0,0,0,0,0,0,0,0,0,0,0,0,0,0,0,0,0,0,0,0,0,0,0,0,0,0,0,0,0,0,0,0,0,0,0,0,0,0
394,2024,"Karnataka",29,"Shivamogga",547,"Shimoga",0,0,0,0,13,103,0,0,3,2,0,0,1,0,0,0,0,0,0,1,0,0,0,0,0,0,0,0,0,0,0,0,0,0,0,0,0,0,0,0,0,0,0,0,0,0,0,0,0
395,2024,"Karnataka",29,"Tumakuru",548,"Tumakuru",0,0,0,6,14,234,0,0,0,0,0,0,68,0,0,0,0,0,0,0,0,0,0,0,0,0,0,0,0,0,0,0,0,0,0,0,0,0,0,0,0,0,0,0,0,0,0,0,0
396,2024,"Karnataka",29,"Udupi",549,"Udupi",0,0,0,0,73,124,0,0,1,2,3,0,0,0,0,0,0,0,0,0,0,0,0,0,0,0,0,0,0,0,0,0,0,0,0,0,0,0,0,0,0,0,0,0,0,0,0,0,0
397,2024,"Karnataka",29,"Uttara Kannada",550,"Uttara Kannada",0,0,1,0,5,76,3,0,0,7,0,0,3,0,0,1,0,0,0,0,0,0,0,0,0,0,0,0,0,0,0,0,0,0,0,0,0,0,0,0,0,0,0,0,0,0,0,0,0
398,2024,"Karnataka",29,"Vijayanagara",738,"Vijayanagara",0,0,0,0,3,17,0,0,1,1,0,0,0,0,0,0,0,0,0,0,0,0,0,0,0,0,0,0,0,0,0,0,0,0,0,0,0,0,0,0,0,0,0,0,0,0,0,0,0
399,2024,"Karnataka",29,"Vijayapura",530,"Vijayapura",0,0,0,0,27,46,7,0,0,0,0,0,0,0,0,0,0,0,0,0,0,0,0,0,0,0,0,0,0,0,0,0,0,0,0,0,0,0,0,0,0,0,0,0,0,0,0,0,0
400,2024,"Karnataka",29,"Yadgir",635,"Yadgiri",0,0,0,0,16,3,0,0,0,0,0,0,0,0,0,0,0,0,0,0,0,0,0,0,0,0,0,0,0,0,0,0,0,0,0,0,0,0,0,0,0,0,0,0,0,0,0,0,0
401,2024,"Kerala",32,"Alappuzha",554,"Alapuzha",0,0,0,0,0,0,0,0,0,0,32,0,0,0,0,0,0,0,0,0,0,22,7,0,0,0,0,0,0,0,0,0,0,0,0,174,0,0,0,0,0,0,0,0,0,0,0,0,0
402,2024,"Kerala",32,"Ernakulam",555,"Ernakulam Commr",1,0,0,0,5,1,0,1,1,4,1,0,0,0,0,0,0,0,0,0,0,5,0,0,0,0,0,0,0,0,0,0,0,0,0,143,1,0,0,0,0,0,0,25,0,0,1,0,12
403,2024,"Kerala",32,"Ernakulam",555,"Ernakulam Rural",1,0,0,0,1,3,0,0,0,1,3,0,3,0,0,0,0,0,0,0,0,0,0,0,0,0,0,0,0,1,0,2,0,0,0,1,0,0,0,0,0,0,0,2,0,0,0,0,0
404,2024,"Kerala",32,"Idukki",556,"Idukki",0,0,0,0,2,0,0,0,2,0,1,0,0,0,0,0,0,0,0,0,0,1,0,0,0,0,1,0,0,0,0,0,0,0,0,37,0,0,0,0,0,0,0,9,0,0,0,0,9
405,2024,"Kerala",32,"Kannur",557,"Kannur City",0,0,0,0,1,2,0,0,1,3,0,0,0,0,0,0,0,0,0,0,0,2,0,0,0,0,0,0,0,0,0,0,0,0,0,97,0,0,0,0,0,0,0,1,0,0,0,0,9
406,2024,"Kerala",32,"Kannur",557,"Kannur Rural",0,1,1,0,0,1,0,0,0,0,0,0,0,0,0,0,0,0,0,0,0,0,1,0,0,0,0,0,0,0,0,0,0,0,0,49,0,0,0,0,0,0,0,3,0,0,0,0,1
407,2024,"Kerala",32,"Kasaragod",558,"Kasargod",0,0,0,0,0,18,0,0,0,4,2,0,1,0,0,0,0,0,0,4,0,0,0,0,0,0,0,0,0,0,0,1,0,0,1,20,0,0,0,0,0,0,0,1,0,0,0,0,0
408,2024,"Kerala",32,"Kollam",559,"Kollam Commr",0,0,2,0,5,97,5,0,4,3,10,0,0,0,0,0,0,0,0,0,0,0,0,0,0,0,0,0,0,0,0,0,0,0,0,0,0,0,0,0,0,0,0,0,0,0,0,0,0
409,2024,"Kerala",32,"Kollam",559,"Kollam Rural",0,0,0,0,0,35,1,0,4,2,0,0,1,0,0,0,0,0,0,0,0,0,0,0,0,0,0,0,11,0,0,0,0,0,0,2,0,0,0,0,0,0,0,0,0,0,0,0,0
410,2024,"Kerala",32,"Kottayam",560,"Kottayam",0,0,0,0,2,17,0,0,1,2,1,0,0,0,0,0,0,0,0,0,0,0,0,0,0,0,0,0,0,0,0,1,0,0,0,51,0,0,0,0,0,0,0,0,0,0,0,0,0
411,2024,"Kerala",32,"Kozhikode",561,"Kozhikode Commr",0,0,0,0,0,1,0,0,0,0,0,0,0,0,0,0,0,0,0,0,0,2,0,0,0,0,0,0,12,0,0,0,0,0,0,82,0,0,0,0,0,1,0,7,0,0,0,0,1
412,2024,"Kerala",32,"Kozhikode",561,"Kozhikode Rural",0,0,0,0,0,2,2,0,2,0,1,0,0,0,0,0,0,0,0,0,0,0,0,0,0,0,1,1,2,0,0,11,4,1,0,63,0,0,2,0,0,0,0,13,0,0,0,0,13
413,2024,"Kerala",32,"Malappuram",562,"Malappuram",0,0,2,0,1,1,1,0,0,6,0,0,0,0,0,0,0,0,0,0,0,6,3,0,0,0,24,1,4,0,0,0,0,0,6,347,5,0,0,0,0,0,0,22,0,0,0,0,16
414,2024,"Kerala",32,"Palakkad",563,"Palakkad",0,0,0,0,0,0,0,0,1,1,11,1,0,0,0,0,0,0,0,0,0,0,0,0,0,0,0,0,0,0,0,0,0,0,0,282,0,0,0,0,0,0,0,0,0,0,0,0,0
415,2024,"Kerala",32,"Pathanamthitta",564,"Pathanamthitta",0,0,0,0,2,81,3,0,0,3,1,0,0,0,0,0,0,0,0,0,0,0,0,0,0,0,0,0,0,0,0,0,0,0,0,0,0,0,0,0,0,0,0,0,0,0,0,0,0
416,2024,"Kerala",32,"Thiruvananthapuram",565,"Crime Branch",0,0,0,0,0,0,0,1,0,0,0,0,0,0,0,0,0,0,0,0,0,0,0,0,0,0,1,0,0,0,0,0,0,0,0,0,0,0,0,0,0,0,0,0,0,0,0,0,0
417,2024,"Kerala",32,"Thiruvananthapuram",565,"Railways",0,0,0,0,0,0,0,0,0,0,0,0,0,0,0,0,0,0,0,0,0,0,0,0,0,0,0,0,0,0,0,0,0,0,0,0,0,0,0,0,0,0,0,0,0,0,0,0,0
418,2024,"Kerala",32,"Thiruvananthapuram",565,"Trivandrum Commr",0,0,11,1,11,202,4,0,8,9,0,0,0,0,0,0,0,0,0,13,0,0,0,0,0,0,0,0,0,0,0,0,0,0,0,0,0,0,3,0,0,2,0,0,0,0,0,0,0
419,2024,"Kerala",32,"Thiruvananthapuram",565,"Trivandrum Rural",0,0,0,2,0,34,8,0,7,5,1,0,0,0,0,0,0,0,0,0,0,3,0,0,0,0,0,0,0,0,0,0,0,0,0,3,0,0,0,0,0,0,0,0,0,0,0,0,0
420,2024,"Kerala",32,"Thrissur",566,"Thrissur Commr",0,0,0,1,5,258,0,0,0,0,6,0,0,0,0,0,0,0,0,0,0,4,0,0,0,0,0,0,0,0,0,0,0,0,0,0,0,0,0,0,0,0,0,1,0,0,0,0,0
421,2024,"Kerala",32,"Thrissur",566,"Thrissur Rural",2,0,9,4,4,239,7,0,0,5,9,0,6,0,0,0,0,0,0,0,0,0,0,0,0,0,0,0,0,0,0,0,0,0,0,0,0,0,0,0,0,0,0,0,0,0,0,0,0
422,2024,"Kerala",32,"Wayanad",567,"Wayanadu",0,0,0,0,0,20,0,0,0,0,0,0,0,0,0,0,0,0,0,0,0,0,0,0,0,0,0,0,0,0,0,0,0,0,0,0,0,0,0,0,0,0,0,0,0,0,0,0,0
423,2024,"Ladakh",37,"Kargil",6,"Kargil",0,0,0,0,1,0,0,0,0,0,0,0,0,0,0,0,0,0,0,0,0,0,0,0,0,0,0,0,0,0,0,0,0,0,0,0,0,0,0,0,0,0,0,0,0,0,0,0,0
424,2024,"Ladakh",37,"Leh Ladakh",9,"Leh",0,0,0,0,0,0,0,0,0,0,0,0,0,0,0,0,0,0,0,0,0,0,0,0,0,0,0,0,0,0,0,0,0,0,0,0,0,0,0,0,0,0,0,0,0,0,0,0,0
425,2024,"Lakshadweep",31,"Lakshadweep District",553,"Lakshadweep",0,0,0,0,0,0,0,0,0,0,0,0,0,0,0,0,0,0,0,0,0,0,0,0,0,0,0,0,0,0,0,0,0,0,0,0,0,0,0,0,0,0,0,0,0,0,0,0,0
426,2024,"Madhya Pradesh",23,"Agar-Malwa",667,"Agar",0,0,0,0,0,0,0,0,0,0,0,0,0,0,0,0,0,0,0,0,0,0,0,0,0,0,0,0,0,0,0,0,0,0,0,0,0,0,0,0,0,0,0,0,0,0,0,0,0
427,2024,"Madhya Pradesh",23,"Alirajpur",639,"Alirajpur",0,0,0,0,0,0,0,0,0,0,0,0,0,0,0,0,0,0,0,0,0,0,0,0,0,0,0,0,0,0,0,0,0,0,0,0,0,0,0,0,0,0,0,0,0,0,0,0,0
428,2024,"Madhya Pradesh",23,"Anuppur",390,"Anuppur",0,0,0,0,0,0,0,0,0,0,0,0,0,0,0,0,0,0,0,0,0,0,0,0,0,0,0,0,0,0,0,0,0,0,0,0,2,0,0,0,0,0,0,9,0,0,0,0,0
429,2024,"Madhya Pradesh",23,"Ashoknagar",391,"Ashok Nagar",0,0,0,0,1,0,0,0,0,0,0,0,0,0,0,0,0,0,0,0,0,0,0,0,0,0,0,0,0,0,0,0,0,0,0,0,0,0,0,0,0,0,0,0,0,0,0,0,0
430,2024,"Madhya Pradesh",23,"Balaghat",392,"Balaghat",0,0,0,0,0,0,0,0,0,0,0,0,0,0,0,0,0,0,0,0,0,0,0,0,0,0,0,0,0,0,0,0,0,0,0,0,0,0,0,0,0,0,0,0,0,0,0,0,0
431,2024,"Madhya Pradesh",23,"Barwani",393,"Barwani",0,0,0,0,0,0,0,0,0,0,0,0,0,0,0,0,0,0,0,0,0,0,0,0,0,0,0,0,0,0,0,0,0,0,0,0,0,0,0,0,0,0,0,0,0,0,0,0,0
432,2024,"Madhya Pradesh",23,"Betul",394,"Betul",0,0,0,0,0,0,0,0,0,0,0,0,0,0,0,0,0,0,0,0,0,7,0,0,0,0,0,0,0,0,0,0,0,0,0,0,0,0,0,0,0,2,0,4,2,0,0,0,0
433,2024,"Madhya Pradesh",23,"Bhind",395,"Bhind",0,0,0,0,0,0,0,0,0,0,0,0,0,0,0,0,0,0,0,0,0,0,0,0,0,0,0,0,0,0,0,0,0,0,0,0,0,0,0,0,0,0,0,0,0,0,0,0,0
434,2024,"Madhya Pradesh",23,"Bhopal",396,"Bhopal Commissionarate",0,0,0,0,6,5,0,0,2,1,0,0,0,0,0,0,0,0,0,1,0,3,1,0,0,0,0,1,11,1,1,10,3,0,9,216,4,0,1,0,0,0,0,6,0,0,0,0,0
435,2024,"Madhya Pradesh",23,"Bhopal",396,"Bhopal Railway",0,0,0,0,0,0,0,0,0,0,0,0,0,0,0,0,0,0,0,0,0,0,0,0,0,0,0,0,0,0,0,0,0,0,0,0,0,0,0,0,0,0,0,0,0,0,0,0,0
436,2024,"Madhya Pradesh",23,"Bhopal",396,"Bhopal Rural",0,0,0,0,0,0,0,0,0,0,0,0,0,0,0,0,0,0,0,0,0,0,0,0,0,0,0,0,0,0,0,0,0,0,0,0,0,0,0,0,0,0,0,0,0,0,0,0,0
437,2024,"Madhya Pradesh",23,"Bhopal",396,"Cyber Crime Cell",0,1,0,0,10,342,0,0,0,3,5,0,0,0,0,0,0,0,0,0,0,0,0,0,0,0,0,0,0,0,0,0,0,0,0,0,0,0,0,0,0,0,0,0,0,0,0,0,0
438,2024,"Madhya Pradesh",23,"Burhanpur",397,"Burhanpur",0,0,0,0,0,0,0,0,0,0,0,0,0,0,0,0,0,0,0,0,0,2,0,0,0,0,0,0,0,0,0,0,0,0,0,0,0,0,0,0,0,0,0,6,0,0,0,0,0
439,2024,"Madhya Pradesh",23,"Chhatarpur",398,"Chhatarpur",0,0,0,0,1,0,1,0,0,5,2,0,0,0,0,0,0,0,0,0,0,2,0,0,0,0,0,0,0,0,0,0,0,0,0,0,0,0,0,0,0,0,0,0,0,0,0,0,0
440,2024,"Madhya Pradesh",23,"Chhindwara",399,"Chhindwara",0,0,0,0,0,0,0,0,0,0,0,0,0,0,0,0,0,0,0,0,0,0,0,0,0,0,0,0,0,0,0,0,0,0,0,0,0,0,0,0,0,0,0,0,0,0,0,0,0
441,2024,"Madhya Pradesh",23,"Damoh",400,"Damoh",0,0,0,0,0,0,0,0,0,0,0,0,0,0,0,0,0,0,0,0,1,5,0,0,0,0,0,0,0,0,0,0,0,0,0,0,0,0,0,0,0,0,0,0,0,0,0,0,0
442,2024,"Madhya Pradesh",23,"Datia",401,"Datia",0,0,0,0,0,0,0,0,0,3,1,0,0,0,0,0,0,0,0,0,0,0,0,0,0,0,0,0,0,0,0,0,0,0,0,0,0,0,0,0,0,0,0,0,0,0,0,0,0
443,2024,"Madhya Pradesh",23,"Dewas",402,"Dewas",0,0,0,0,0,0,0,0,0,0,0,0,0,0,0,0,0,0,0,0,0,0,0,0,0,0,0,0,0,0,0,0,0,0,0,0,0,0,0,0,0,0,0,0,0,0,0,0,0
444,2024,"Madhya Pradesh",23,"Dhar",403,"Dhar",0,0,0,0,0,0,0,0,0,0,0,0,0,0,0,0,0,0,0,0,0,0,0,0,0,0,0,0,0,0,0,0,0,0,0,1,0,0,0,0,0,0,0,11,0,0,0,0,1
445,2024,"Madhya Pradesh",23,"Dindori",404,"Dindori",0,0,0,0,0,0,0,0,0,0,0,0,0,0,0,0,0,0,0,0,0,0,0,0,0,0,0,0,0,0,0,0,0,0,0,0,0,0,0,0,0,0,0,1,0,0,0,0,0
446,2024,"Madhya Pradesh",23,"Guna",406,"Guna",0,0,0,0,0,0,0,0,0,0,0,0,0,0,0,0,0,0,0,13,0,0,0,0,0,0,0,0,0,0,0,0,0,0,0,0,0,0,0,0,0,0,0,0,0,0,0,0,0
447,2024,"Madhya Pradesh",23,"Gwalior",407,"Gwalior",0,0,0,0,2,1,0,0,6,2,0,0,0,0,0,0,0,0,0,0,0,3,16,0,0,0,3,0,12,0,0,0,15,4,14,0,0,0,0,0,0,3,2,2,0,0,0,0,0
448,2024,"Madhya Pradesh",23,"Harda",408,"Harda",0,0,0,0,0,0,0,0,1,1,0,0,0,0,0,0,0,0,0,0,0,0,0,0,0,0,0,0,0,0,0,0,0,0,0,0,0,0,0,0,0,0,0,0,0,0,0,0,0
449,2024,"Madhya Pradesh",23,"Indore",410,"Indore Commissionarate",0,0,0,0,0,1,0,0,3,3,3,0,0,0,0,1,0,0,0,0,0,14,1,0,0,0,2,1,1,0,0,0,0,0,2,0,0,1,0,0,0,2,0,20,2,0,0,0,0
450,2024,"Madhya Pradesh",23,"Indore",410,"Indore Railway",0,0,0,0,2,0,0,0,0,0,0,0,0,0,0,0,0,0,0,0,0,0,0,0,0,0,0,0,0,0,0,0,0,0,0,0,0,0,0,0,0,0,0,0,0,0,0,0,0
451,2024,"Madhya Pradesh",23,"Indore",410,"Indore Rural",0,0,0,0,0,0,0,0,0,0,0,0,0,0,0,0,0,0,0,0,0,0,0,0,0,0,0,0,0,0,0,0,0,0,0,1,0,0,0,0,0,0,0,7,0,0,0,0,0
452,2024,"Madhya Pradesh",23,"Indore",410,"Khandwa",0,0,0,0,0,0,0,0,0,0,0,0,0,0,0,0,0,0,0,0,0,1,0,0,0,0,0,0,0,0,0,0,0,0,0,0,0,0,0,0,0,0,0,4,0,0,0,0,0
453,2024,"Madhya Pradesh",23,"Jabalpur",411,"Jabalpur",0,0,0,0,0,1,0,0,0,2,0,0,0,0,0,0,0,0,0,0,0,0,0,0,0,0,0,0,0,0,0,0,0,0,0,0,0,0,0,0,0,0,0,0,0,0,0,0,0
454,2024,"Madhya Pradesh",23,"Jabalpur",411,"Jabalpur Railway",0,0,0,0,0,0,0,0,0,0,0,0,0,0,0,0,0,0,0,0,0,0,0,0,0,0,0,0,0,0,0,0,0,0,0,0,0,0,0,0,0,0,0,0,0,0,0,0,0
455,2024,"Madhya Pradesh",23,"Jhabua",412,"Jhabua",0,0,0,0,0,0,0,0,0,0,0,0,0,0,0,0,0,0,0,0,0,0,0,0,0,0,0,0,0,0,0,0,0,0,0,0,0,0,0,0,0,0,0,0,0,0,0,0,0
456,2024,"Madhya Pradesh",23,"Katni",413,"Katni",0,0,0,1,2,0,0,0,0,1,0,0,1,0,0,0,0,0,0,0,0,0,0,0,0,0,0,0,0,0,0,0,0,0,0,0,0,0,0,0,0,0,0,0,0,0,0,0,0
457,2024,"Madhya Pradesh",23,"Khargone (West Nimar)",414,"Khargone",0,0,0,0,0,0,0,0,0,2,1,0,1,0,0,0,0,0,0,0,0,0,0,0,0,0,0,0,0,0,0,0,0,0,0,0,0,0,0,0,0,0,0,0,0,0,0,0,0
458,2024,"Madhya Pradesh",23,"Maihar",784,"Maihar",0,0,0,0,0,0,0,0,0,0,0,0,0,0,0,0,0,0,0,0,0,0,0,0,0,0,0,0,0,0,0,0,0,0,0,0,0,0,0,0,0,0,0,0,0,0,0,0,0
459,2024,"Madhya Pradesh",23,"Mandla",415,"Mandla",0,0,0,0,0,0,0,0,0,0,0,0,0,0,0,0,0,0,0,0,0,0,0,0,0,0,0,0,0,0,0,0,0,0,3,0,0,0,0,0,0,0,0,0,0,0,0,0,0
460,2024,"Madhya Pradesh",23,"Mandsaur",416,"Mandsaur",0,0,0,0,0,0,0,0,0,0,0,0,0,0,0,0,0,0,0,0,0,0,0,0,0,0,0,0,0,0,0,0,0,0,0,7,0,0,0,0,0,0,0,0,0,0,0,0,0
461,2024,"Madhya Pradesh",23,"Mauganj",766,"Mauganj",0,0,0,0,0,0,0,0,0,0,0,0,0,0,0,0,0,0,0,0,0,0,0,0,0,0,0,0,0,0,0,0,0,0,0,0,0,0,0,0,0,0,0,0,0,0,0,0,0
462,2024,"Madhya Pradesh",23,"Morena",417,"Morena",0,0,0,0,0,0,0,0,0,0,0,0,0,0,0,0,0,0,0,0,0,0,0,0,0,0,0,0,0,0,0,0,0,0,0,0,0,0,0,0,0,0,0,0,0,0,0,0,0
463,2024,"Madhya Pradesh",23,"Narmadapuram",409,"Narmadapuram",0,0,0,0,0,0,0,0,0,0,0,0,0,0,0,0,0,0,0,0,0,0,0,0,0,0,0,0,0,0,0,0,0,0,0,0,0,0,0,0,0,0,0,0,0,0,0,0,0
464,2024,"Madhya Pradesh",23,"Narsimhapur",418,"Narsinghpur",0,0,0,0,2,0,0,0,0,6,0,0,0,0,0,0,0,0,0,1,0,0,0,0,0,0,0,0,0,0,0,0,0,0,0,0,0,0,0,0,0,0,0,0,0,0,0,0,0
465,2024,"Madhya Pradesh",23,"Neemuch",419,"Neemuch",0,0,0,0,0,0,0,0,0,0,0,0,0,0,0,0,0,0,0,0,0,1,0,0,0,0,0,0,0,0,0,0,0,0,0,2,0,0,0,0,0,0,0,1,0,0,0,0,0
466,2024,"Madhya Pradesh",23,"Niwari",722,"Niwari",0,0,0,0,0,0,0,0,0,0,0,0,0,0,0,0,0,0,0,0,0,0,0,0,0,0,0,0,0,0,0,0,0,0,0,1,0,0,0,0,0,0,0,4,0,0,0,0,0
467,2024,"Madhya Pradesh",23,"Pandhurna",785,"Pandhurna",0,0,0,0,0,0,0,0,0,0,0,0,0,0,0,0,0,0,0,0,0,0,0,0,0,0,0,0,0,0,0,0,0,0,0,0,0,0,0,0,0,0,0,0,0,0,0,0,0
468,2024,"Madhya Pradesh",23,"Panna",420,"Panna",0,0,0,0,0,0,0,0,4,1,0,0,0,0,0,0,0,0,0,0,0,0,0,0,0,0,0,0,0,0,0,0,0,0,1,0,0,0,0,0,0,0,0,0,0,0,0,0,0
469,2024,"Madhya Pradesh",23,"Raisen",421,"Raisen",0,0,0,0,3,1,0,0,0,3,0,0,0,0,0,0,0,0,0,0,0,0,0,0,0,0,0,0,0,0,0,0,0,0,0,0,0,0,0,0,0,0,0,0,0,0,0,0,0
470,2024,"Madhya Pradesh",23,"Rajgarh",422,"Rajgarh",0,0,0,0,2,0,0,0,2,2,0,0,0,0,0,1,0,0,0,0,0,0,0,0,0,0,0,0,1,0,0,0,0,0,0,0,0,0,0,0,0,2,0,0,0,0,0,0,0
471,2024,"Madhya Pradesh",23,"Ratlam",423,"Ratlam",0,0,0,0,0,0,0,0,0,0,0,0,0,0,0,0,0,0,0,0,0,0,0,0,0,0,0,0,0,0,0,0,0,0,0,0,0,0,0,0,0,2,0,0,0,0,0,0,0
472,2024,"Madhya Pradesh",23,"Rewa",424,"Rewa",0,0,0,0,0,4,3,0,4,7,0,0,0,0,0,0,0,0,0,0,0,0,0,0,0,0,0,0,0,0,0,0,0,0,0,6,4,0,0,0,0,0,0,0,0,0,0,0,0
473,2024,"Madhya Pradesh",23,"Sagar",425,"Sagar",0,0,0,0,0,0,0,0,0,0,0,0,0,0,0,0,0,0,0,0,0,3,0,0,0,0,0,0,0,0,0,0,0,0,0,0,0,0,0,0,0,0,0,5,0,0,0,0,0
474,2024,"Madhya Pradesh",23,"Satna",426,"Satna",0,0,0,0,0,0,0,0,0,0,0,0,0,0,0,0,0,0,0,0,0,3,0,0,0,0,0,0,0,0,0,0,0,0,0,0,0,0,0,0,0,0,0,0,0,0,0,0,0
475,2024,"Madhya Pradesh",23,"Sehore",427,"Sehore",0,0,0,0,0,0,0,0,0,0,0,0,0,0,0,0,0,0,0,0,0,6,0,0,0,0,0,0,0,0,0,0,0,0,0,0,0,0,0,0,0,0,0,10,0,0,0,0,0
476,2024,"Madhya Pradesh",23,"Seoni",428,"Seoni",0,0,0,0,0,0,0,0,0,0,0,0,0,0,0,0,0,0,0,4,0,0,0,0,0,0,0,0,0,0,0,0,0,0,0,2,0,0,0,0,0,0,0,0,0,0,0,0,0
477,2024,"Madhya Pradesh",23,"Shahdol",429,"Shahdol",0,0,0,0,0,0,0,0,0,0,0,0,0,0,0,0,0,0,0,0,0,1,2,0,0,0,0,0,0,0,0,0,0,0,0,1,0,0,0,0,0,0,3,8,0,0,0,0,0
478,2024,"Madhya Pradesh",23,"Shajapur",430,"Shajapur",0,0,0,0,1,0,0,0,0,0,0,0,0,0,0,0,0,0,0,0,0,5,0,0,0,0,0,0,0,0,0,0,0,0,0,2,0,0,1,0,0,0,0,1,0,0,0,0,0
479,2024,"Madhya Pradesh",23,"Sheopur",431,"Sheopur",0,0,0,0,0,0,0,0,0,0,0,0,0,0,0,0,0,0,0,0,0,0,0,0,0,0,0,0,0,0,0,0,0,0,0,0,0,0,0,0,0,0,0,0,0,0,0,0,0
480,2024,"Madhya Pradesh",23,"Shivpuri",432,"Shivpuri",0,0,0,0,0,0,0,0,0,0,0,0,0,0,0,0,0,0,0,0,0,0,0,0,0,0,0,0,0,0,0,0,0,0,0,0,0,0,0,0,0,0,0,0,0,0,0,0,0
481,2024,"Madhya Pradesh",23,"Sidhi",433,"Sidhi",0,0,0,0,0,0,0,0,0,0,0,0,0,0,0,0,0,0,0,0,0,0,0,0,0,0,0,0,0,0,0,0,0,0,0,0,0,0,0,0,0,0,0,0,0,0,0,0,0
482,2024,"Madhya Pradesh",23,"Singrauli",638,"Singrauli",0,0,0,0,0,0,0,0,0,0,0,0,0,0,0,0,0,0,0,0,1,1,0,0,0,1,0,0,0,0,0,0,0,0,0,3,0,0,0,0,0,0,0,3,0,0,0,0,0
483,2024,"Madhya Pradesh",23,"Tikamgarh",434,"Tikamgarh",0,0,0,0,0,0,0,0,0,0,0,0,0,0,0,0,0,0,0,0,0,1,0,0,0,0,0,0,0,0,0,0,0,0,0,0,0,0,0,0,0,2,0,6,0,0,0,0,0
484,2024,"Madhya Pradesh",23,"Ujjain",435,"Ujjain",0,0,0,0,2,0,0,0,0,0,0,0,0,0,0,0,0,0,0,0,1,1,0,0,0,0,0,0,0,0,0,0,1,0,0,5,0,0,0,0,0,0,1,14,0,0,0,0,0
485,2024,"Madhya Pradesh",23,"Umaria",436,"Umaria",0,0,0,0,1,1,0,0,0,0,0,0,0,0,0,0,0,0,0,0,0,0,0,0,0,0,0,0,0,0,0,0,0,0,0,0,0,0,0,0,0,0,0,0,0,0,0,0,0
486,2024,"Madhya Pradesh",23,"Vidisha",437,"Vidisha",0,0,0,0,0,0,0,0,0,0,0,0,0,0,0,0,0,0,0,0,0,0,0,0,0,0,0,0,0,0,0,0,0,0,0,0,0,0,0,0,0,0,0,0,0,0,0,0,0
487,2024,"Maharashtra",27,"Ahilyanagar",466,"Ahilyanagar",0,0,0,0,3,1,1,0,1,3,1,0,0,0,0,0,0,0,0,0,0,0,0,0,0,0,1,0,0,0,0,0,0,0,4,13,0,0,0,0,0,0,1,0,0,0,0,0,0
488,2024,"Maharashtra",27,"Akola",467,"Akola",0,0,0,0,2,0,0,0,0,0,0,0,0,0,0,0,0,0,0,0,0,4,0,0,0,0,1,0,0,0,0,0,0,0,0,10,0,0,0,0,0,0,0,9,0,0,0,0,0
489,2024,"Maharashtra",27,"Amravati",468,"Amravati Commr",0,0,0,0,1,3,0,0,1,1,8,0,0,0,0,0,0,0,0,0,0,12,0,0,0,1,0,1,0,0,0,0,0,0,11,48,0,0,0,0,0,1,0,3,0,0,0,0,0
490,2024,"Maharashtra",27,"Amravati",468,"Amravati Rural",0,0,0,0,1,1,1,0,0,0,0,0,0,0,0,0,0,0,0,0,0,5,0,0,0,2,3,0,19,1,0,0,0,0,8,0,0,0,0,0,0,2,0,0,0,0,0,0,0
491,2024,"Maharashtra",27,"Beed",470,"Beed",0,0,0,0,0,0,0,0,0,0,0,0,1,0,0,0,0,0,0,0,0,2,0,0,0,0,1,0,0,0,0,0,0,0,2,69,0,1,1,0,0,0,0,6,2,0,0,0,0
492,2024,"Maharashtra",27,"Bhandara",471,"Bhandara",0,0,0,0,2,0,0,0,0,0,1,0,0,0,0,0,0,0,0,0,0,0,0,0,0,0,1,0,0,0,0,0,0,0,13,2,0,0,1,0,0,0,0,4,0,0,0,0,0
493,2024,"Maharashtra",27,"Buldhana",472,"Buldhana",0,0,0,0,0,0,0,0,0,0,0,0,0,0,0,0,0,0,0,0,0,6,0,0,0,0,0,0,32,0,0,0,0,0,0,0,2,0,1,0,0,3,1,35,0,0,0,0,0
494,2024,"Maharashtra",27,"Chandrapur",473,"Chandrapur",0,0,0,0,1,0,0,0,0,0,4,0,0,0,0,0,0,0,0,5,0,1,0,0,0,0,2,1,17,0,0,12,0,0,15,0,0,0,0,0,0,0,0,16,0,0,0,0,0
495,2024,"Maharashtra",27,"Chhatrapati Sambhajinagar",469,"Chhatrapati Sambhajinagar Commr",0,0,0,0,1,0,0,0,0,0,0,1,4,0,0,0,0,0,0,0,0,6,0,0,0,0,6,3,0,1,0,9,3,0,5,16,1,0,0,0,0,0,4,14,0,0,0,0,0
496,2024,"Maharashtra",27,"Chhatrapati Sambhajinagar",469,"Chhatrapati Sambhajinagar Railway",0,0,0,0,0,0,0,0,0,0,0,0,0,0,0,0,0,0,0,0,0,0,0,0,0,0,0,0,0,0,0,0,0,0,0,0,1,0,0,0,0,0,0,1,0,0,0,0,0
497,2024,"Maharashtra",27,"Chhatrapati Sambhajinagar",469,"Chhatrapati Sambhajinagar Rural",0,0,0,0,12,0,0,0,0,0,0,0,0,0,0,0,0,0,0,0,0,0,0,0,0,0,0,0,0,0,0,0,0,0,0,9,0,0,0,0,0,0,0,0,0,0,0,0,0
498,2024,"Maharashtra",27,"Dharashiv",488,"Dharashiv",0,0,0,0,2,0,0,0,0,1,0,0,0,0,0,0,0,0,0,0,0,5,0,0,0,0,1,0,0,1,0,0,0,0,1,8,1,0,0,0,0,1,1,5,0,0,0,0,0
499,2024,"Maharashtra",27,"Dhule",474,"Dhule",0,0,0,0,1,1,0,0,0,1,0,0,0,0,0,0,0,0,0,2,0,0,0,0,0,0,0,0,0,0,0,0,0,0,0,3,0,0,1,0,0,1,0,1,0,0,0,0,0
500,2024,"Maharashtra",27,"Gadchiroli",475,"Gadchiroli",0,0,0,0,0,0,0,0,0,0,0,0,0,0,0,0,0,0,0,0,0,1,0,0,0,0,0,0,0,0,0,0,0,0,0,2,0,0,0,0,0,0,0,2,0,0,0,0,0
501,2024,"Maharashtra",27,"Gondia",476,"Gondia",0,0,0,0,2,0,0,0,0,0,0,0,0,0,0,0,0,0,0,0,0,0,0,0,0,0,2,0,2,1,0,0,0,0,18,2,0,0,0,0,0,0,0,3,0,0,0,0,0
502,2024,"Maharashtra",27,"Hingoli",477,"Hingoli",0,0,0,0,0,0,0,0,0,0,0,0,0,0,0,0,0,0,0,0,0,2,0,0,0,0,0,0,0,0,0,0,0,0,0,1,0,0,0,0,0,0,0,4,0,0,0,0,0
503,2024,"Maharashtra",27,"Jalgaon",478,"Jalgaon",0,0,0,0,1,2,0,0,0,1,2,0,1,0,0,0,0,0,0,0,0,6,0,0,0,0,5,2,0,0,0,10,5,0,44,0,10,0,0,0,0,1,0,10,0,0,0,0,0
504,2024,"Maharashtra",27,"Jalna",479,"Jalna",0,0,0,0,19,6,0,0,0,0,0,0,0,0,0,0,0,0,0,0,0,0,0,0,0,0,0,0,0,0,0,0,0,0,0,18,0,0,0,0,0,0,0,0,0,0,0,0,0
505,2024,"Maharashtra",27,"Kolhapur",480,"Kolhapur",0,0,0,0,1,0,0,0,1,0,0,0,0,0,0,0,0,0,0,0,0,6,0,0,0,0,0,0,0,0,0,0,0,0,0,11,0,0,0,0,0,2,0,10,0,0,0,0,0
506,2024,"Maharashtra",27,"Latur",481,"Latur",0,0,0,5,1,0,0,0,0,6,3,0,1,0,0,0,0,0,0,0,1,7,1,0,0,0,1,5,3,0,0,0,0,0,0,8,2,0,3,0,0,2,0,9,0,0,0,0,0
507,2024,"Maharashtra",27,"Mumbai",482,"Mumbai Commr",0,0,0,0,66,107,0,0,7,10,0,2,2,0,0,1,0,0,0,11,0,160,6,0,0,22,56,1,23,40,10,23,72,10,1497,2438,78,0,11,0,0,19,12,255,0,0,0,0,0
508,2024,"Maharashtra",27,"Mumbai",482,"Mumbai Railway",0,0,0,0,1,0,0,0,0,0,0,0,0,0,0,0,0,0,0,0,0,1,0,0,0,9,0,0,0,0,0,0,0,0,2,5,2,0,0,0,0,0,0,0,0,0,0,0,0
509,2024,"Maharashtra",27,"Mumbai Suburban",483,"Navi Mumbai",0,0,0,0,8,34,1,0,2,1,0,0,0,0,0,0,0,0,0,0,0,9,0,0,0,0,14,0,0,5,0,176,51,0,105,17,0,0,0,0,0,0,0,13,0,0,0,0,0
510,2024,"Maharashtra",27,"Nagpur",484,"Nagpur Commr",0,0,0,0,0,0,0,0,0,0,1,0,0,0,0,0,0,0,0,0,0,13,0,0,0,0,0,0,0,0,0,0,0,0,4,156,0,0,1,0,0,2,2,71,3,0,0,0,0
511,2024,"Maharashtra",27,"Nagpur",484,"Nagpur Railway",0,0,0,0,0,0,0,0,0,0,0,0,0,0,0,0,0,0,0,0,0,0,0,0,0,0,0,0,0,0,0,0,0,0,0,0,0,0,0,0,0,0,0,0,0,0,0,0,0
512,2024,"Maharashtra",27,"Nagpur",484,"Nagpur Rural",0,0,0,0,0,0,0,0,0,0,0,0,0,0,0,0,0,0,0,0,0,7,3,0,0,0,1,1,1,0,0,0,0,0,3,4,0,0,0,0,0,2,0,6,0,0,0,0,0
513,2024,"Maharashtra",27,"Nanded",485,"Nanded",0,0,0,0,0,0,0,0,1,0,0,0,0,0,0,0,0,0,0,0,0,4,0,0,0,0,0,0,0,0,0,0,0,0,14,0,0,0,0,0,0,0,1,7,0,0,0,0,0
514,2024,"Maharashtra",27,"Nandurbar",486,"Nandurbar",0,0,0,0,0,0,0,0,0,0,0,0,0,0,0,0,0,0,0,0,0,1,0,0,0,0,0,0,0,0,0,0,0,0,0,4,0,1,2,0,0,0,0,2,0,0,2,0,0
515,2024,"Maharashtra",27,"Nashik",487,"Nasik Commr",1,0,0,0,2,0,0,0,0,0,3,0,0,0,0,0,0,0,0,0,0,7,0,0,0,0,0,0,0,0,0,0,0,0,14,93,0,0,0,0,0,0,0,23,0,0,0,0,0
516,2024,"Maharashtra",27,"Nashik",487,"Nasik Rural",0,0,0,0,3,0,1,0,3,3,0,1,4,0,0,0,0,0,0,0,0,2,0,0,0,0,0,0,3,0,1,3,0,0,0,5,0,0,1,0,0,1,0,0,0,0,2,0,0
517,2024,"Maharashtra",27,"Palghar",665,"Palghar",0,0,0,1,2,2,0,0,0,7,0,0,0,0,0,0,0,0,0,0,0,1,0,0,0,0,0,0,1,0,0,0,0,0,2,1,0,0,0,0,0,0,0,0,0,0,0,0,0
518,2024,"Maharashtra",27,"Parbhani",489,"Parbhani",0,0,0,0,0,0,0,0,0,0,3,0,0,0,0,0,0,0,0,0,0,2,0,0,0,0,0,0,0,0,0,0,0,0,1,3,0,0,0,0,0,0,0,3,0,0,0,0,0
519,2024,"Maharashtra",27,"Pune",490,"Pimpri Chinchwad Commr",0,0,0,0,12,34,2,0,3,1,2,1,0,0,0,0,0,0,0,1,1,14,0,0,0,0,8,0,2,0,0,0,0,0,31,155,10,0,0,1,0,1,0,3,1,0,0,0,0
520,2024,"Maharashtra",27,"Pune",490,"Pune Commr",0,0,0,0,0,0,0,0,0,0,0,0,0,0,0,0,0,0,0,8,0,16,0,0,0,0,1,0,0,0,0,16,10,0,193,747,0,0,0,0,0,2,0,511,0,0,0,0,0
521,2024,"Maharashtra",27,"Pune",490,"Pune Railway",0,0,0,0,0,0,0,0,0,0,0,0,0,0,0,0,0,0,0,0,0,0,0,0,0,0,0,0,0,0,0,0,0,0,0,0,0,0,0,0,0,0,0,0,0,0,0,0,0
522,2024,"Maharashtra",27,"Pune",490,"Pune Rural",0,0,0,0,2,0,0,0,0,0,0,0,0,0,0,0,0,0,0,0,0,3,0,0,0,0,0,0,0,0,1,0,0,0,2,17,2,0,1,0,0,0,0,17,0,0,0,0,0
523,2024,"Maharashtra",27,"Raigad",491,"Raigad",0,0,0,0,1,0,0,0,0,0,0,0,0,0,0,0,0,0,0,0,0,3,0,0,0,0,0,0,0,0,0,0,0,0,16,4,0,0,0,0,0,0,0,11,0,0,0,0,0
524,2024,"Maharashtra",27,"Ratnagiri",492,"Ratnagiri",0,0,0,0,1,0,1,0,0,0,9,0,0,0,0,0,0,0,0,0,0,7,0,0,0,0,4,0,0,0,0,0,0,0,44,0,1,0,0,0,0,0,0,14,0,0,0,0,9
525,2024,"Maharashtra",27,"Sangli",493,"Sangli",4,0,0,0,0,0,0,0,0,3,4,0,0,0,0,0,0,0,0,0,0,7,0,0,0,0,0,1,1,0,0,0,0,0,2,3,0,0,0,0,0,0,0,3,0,0,0,0,0
526,2024,"Maharashtra",27,"Satara",494,"Satara",0,0,0,0,0,0,0,0,0,3,0,0,0,0,0,0,0,0,0,0,0,10,0,0,0,0,1,0,4,0,0,0,0,0,5,4,1,2,0,0,0,0,0,0,0,0,0,0,1
527,2024,"Maharashtra",27,"Sindhudurg",495,"Sindhudurg",0,0,0,0,0,0,0,0,0,1,0,0,0,0,0,0,0,0,0,0,0,4,0,0,0,0,1,0,0,3,0,0,0,0,16,6,0,0,0,0,0,0,0,3,0,0,0,0,0
528,2024,"Maharashtra",27,"Solapur",496,"Solapur Commr",0,0,0,0,4,0,0,0,0,0,0,0,0,0,0,0,0,0,0,0,0,1,0,0,0,0,0,0,0,0,0,0,0,0,0,8,0,0,0,0,0,0,0,0,0,0,0,0,0
529,2024,"Maharashtra",27,"Solapur",496,"Solapur Rural",0,0,0,0,0,1,0,0,0,0,0,0,1,0,0,0,0,0,0,0,0,5,0,0,0,0,0,0,0,4,0,0,0,0,0,5,0,0,0,0,0,1,0,8,0,0,0,0,0
530,2024,"Maharashtra",27,"Thane",497,"Mira Bhayandar Vasai Virar Commr",0,0,0,0,0,1,0,0,1,3,1,0,0,0,0,0,0,0,0,0,0,40,3,0,0,0,0,0,0,0,0,0,0,0,0,92,0,0,0,0,0,1,0,33,0,0,0,0,0
531,2024,"Maharashtra",27,"Thane",497,"Thane Commr",1,0,0,1,392,141,3,0,5,10,0,0,0,0,0,0,0,0,0,1,0,11,20,0,0,1,0,0,1,0,0,0,0,0,51,126,0,0,0,0,0,1,0,12,0,0,0,0,1
532,2024,"Maharashtra",27,"Thane",497,"Thane Rural",0,0,0,0,0,0,0,0,0,0,0,0,0,0,0,0,0,0,0,2,0,3,0,0,0,0,0,0,0,0,0,1,1,0,0,5,0,0,0,0,0,0,0,6,0,0,0,0,0
533,2024,"Maharashtra",27,"Wardha",498,"Wardha",0,0,0,0,0,2,0,0,0,3,0,0,0,0,0,1,0,0,0,0,0,7,0,0,0,0,0,0,0,0,0,0,0,0,0,48,0,0,0,0,0,3,0,4,0,0,0,0,0
534,2024,"Maharashtra",27,"Washim",499,"Washim",0,0,0,0,0,0,0,0,0,0,0,0,0,0,0,0,0,0,0,0,0,2,0,0,0,0,0,0,0,0,0,0,0,0,0,4,0,0,0,0,0,0,0,5,1,0,0,0,0
535,2024,"Maharashtra",27,"Yavatmal",500,"Yavatmal",1,1,0,0,0,0,0,0,0,0,0,0,0,0,0,0,0,0,0,0,0,0,0,0,0,0,0,0,0,0,0,0,0,0,0,0,0,0,0,0,0,0,0,0,0,0,0,0,0
536,2024,"Manipur",14,"Bishnupur",252,"Bishnupur",0,0,0,0,0,0,0,0,0,0,0,0,0,0,0,0,0,0,0,0,0,0,0,0,0,0,0,0,0,0,0,0,0,0,0,0,0,0,0,0,0,0,0,0,0,0,0,0,0
537,2024,"Manipur",14,"Chandel",253,"Chandel",0,0,0,0,0,0,0,0,0,0,0,0,0,0,0,0,0,0,0,0,0,0,0,0,0,0,0,0,0,0,0,0,0,0,0,0,0,0,0,0,0,0,0,0,0,0,0,0,0
538,2024,"Manipur",14,"Churachandpur",254,"Churachandpur",0,0,0,0,0,0,0,0,0,0,0,0,0,0,0,0,0,0,0,0,0,0,0,0,0,0,0,0,0,0,0,0,0,0,0,0,0,0,0,0,0,0,0,0,0,0,0,0,0
539,2024,"Manipur",14,"Imphal East",255,"Imphal East",0,0,0,0,0,0,0,0,0,0,0,0,0,0,0,0,0,0,0,0,0,0,0,0,0,0,0,0,0,0,0,0,0,0,0,0,0,0,0,0,0,0,0,0,0,0,0,0,0
540,2024,"Manipur",14,"Imphal West",256,"Cid",0,0,0,0,0,0,0,0,0,0,4,0,0,0,0,0,0,0,0,0,0,0,0,0,0,0,0,0,0,0,0,0,0,0,0,0,0,0,0,0,0,0,0,0,0,0,0,0,0
541,2024,"Manipur",14,"Imphal West",256,"Imphal West",0,0,0,0,0,0,0,0,0,1,0,0,0,0,0,0,0,0,0,0,0,0,0,0,0,0,0,0,0,0,0,0,0,0,0,0,0,0,0,0,0,0,0,0,0,0,0,0,0
542,2024,"Manipur",14,"Imphal West",256,"Narcotic",0,0,0,0,0,0,0,0,0,0,0,0,0,0,0,0,0,0,0,0,0,0,0,0,0,0,0,0,0,0,0,0,0,0,0,0,0,0,0,0,0,0,0,0,0,0,0,0,0
543,2024,"Manipur",14,"Jiribam",713,"Jiribam",0,0,0,0,0,0,0,0,0,0,0,0,0,0,0,0,0,0,0,0,0,0,0,0,0,0,0,0,0,0,0,0,0,0,0,0,0,0,0,0,0,0,0,0,0,0,0,0,0
544,2024,"Manipur",14,"Kakching",711,"Kakching",0,0,0,0,0,0,0,0,0,0,0,0,0,0,0,0,0,0,0,0,0,0,0,0,0,0,0,0,0,0,0,0,0,0,0,0,0,0,0,0,0,0,0,0,0,0,0,0,0
545,2024,"Manipur",14,"Kamjong",717,"Kamjong",0,0,0,0,0,0,0,0,0,0,0,0,0,0,0,0,0,0,0,0,0,0,0,0,0,0,0,0,0,0,0,0,0,0,0,0,0,0,0,0,0,0,0,0,0,0,0,0,0
546,2024,"Manipur",14,"Kangpokpi",712,"Kangpokpi",0,0,0,0,0,0,0,0,0,0,0,0,0,0,0,0,0,0,0,0,0,0,0,0,0,0,0,0,0,0,0,0,0,0,0,0,0,0,0,0,0,0,0,0,0,0,0,0,0
547,2024,"Manipur",14,"Noney",714,"Noney",0,0,0,0,0,0,0,0,0,0,0,0,0,0,0,0,0,0,0,0,0,0,0,0,0,0,0,0,0,0,0,0,0,0,0,0,0,0,0,0,0,0,0,0,0,0,0,0,0
548,2024,"Manipur",14,"Pherzawl",715,"Pherzawl",0,0,0,0,0,0,0,0,0,0,0,0,0,0,0,0,0,0,0,0,0,0,0,0,0,0,0,0,0,0,0,0,0,0,0,0,0,0,0,0,0,0,0,0,0,0,0,0,0
549,2024,"Manipur",14,"Senapati",257,"Senapati",0,0,0,0,0,0,0,0,0,0,0,0,0,0,0,0,0,0,0,0,0,0,0,0,0,0,0,0,0,0,0,0,0,0,0,0,0,0,0,0,0,0,0,0,0,0,0,0,0
550,2024,"Manipur",14,"Tamenglong",258,"Tamenglong",0,0,0,0,0,0,0,0,0,0,0,0,0,0,0,0,0,0,0,0,0,0,0,0,0,0,0,0,0,0,0,0,0,0,0,0,0,0,0,0,0,0,0,0,0,0,0,0,0
551,2024,"Manipur",14,"Tengnoupal",716,"Tengnoupal",0,0,0,0,0,0,0,0,0,0,0,0,0,0,0,0,0,0,0,0,0,0,0,0,0,0,0,0,0,0,0,0,0,0,0,0,0,0,0,0,0,0,0,0,0,0,0,0,0
552,2024,"Manipur",14,"Thoubal",259,"Thoubal",0,0,0,0,0,0,0,0,0,0,0,0,0,0,0,0,0,0,0,0,0,0,0,0,0,0,0,0,0,0,0,0,0,0,0,0,0,0,0,0,0,0,0,0,0,0,0,0,0
553,2024,"Manipur",14,"Ukhrul",260,"Ukhrul",0,0,0,0,0,0,0,0,0,0,0,0,0,0,0,0,0,0,0,0,0,0,0,0,0,0,0,0,0,0,0,0,0,0,0,0,0,0,0,0,0,0,0,0,0,0,0,0,0
554,2024,"Meghalaya",17,"East Garo Hills",273,"Garo Hills East",0,0,0,0,1,1,0,0,0,0,0,0,0,0,0,1,0,0,0,0,0,0,0,0,0,0,0,0,0,0,0,0,0,0,0,0,0,0,0,0,0,0,0,0,0,0,0,0,0
555,2024,"Meghalaya",17,"East Jaintia Hills",657,"Jaintia Hills East",0,0,0,0,0,0,0,0,0,0,0,0,0,0,0,0,0,0,0,0,0,0,0,0,0,0,0,0,0,0,0,0,0,0,0,0,0,0,0,0,0,0,0,0,0,0,0,0,0
556,2024,"Meghalaya",17,"East Khasi Hills",274,"Cyber Cell",0,0,0,0,0,6,0,0,0,0,0,0,0,0,0,0,0,0,0,0,0,0,0,0,0,0,0,0,0,0,0,0,0,0,0,3,0,0,0,0,0,0,1,2,0,0,0,0,0
557,2024,"Meghalaya",17,"East Khasi Hills",274,"Khasi Hills East",0,0,0,0,1,5,0,0,0,1,0,0,0,0,0,0,0,0,0,0,0,0,0,0,0,0,0,0,0,0,0,0,0,0,0,0,0,0,0,0,0,0,0,0,0,0,0,0,0
558,2024,"Meghalaya",17,"Eastern West Khasi Hills",740,"Khasi Hills Eastern West",0,0,0,0,0,2,0,0,0,0,0,0,0,0,0,0,0,0,0,0,0,0,0,0,0,0,0,0,0,0,0,0,0,0,0,0,0,0,4,0,0,0,0,0,0,0,0,0,0
559,2024,"Meghalaya",17,"North Garo Hills",656,"Garo Hills North",0,3,0,0,0,1,0,0,0,0,0,0,0,0,0,0,0,0,0,0,0,0,0,0,0,0,0,0,0,0,0,0,0,0,0,0,0,0,0,0,0,0,0,0,0,0,0,0,0
560,2024,"Meghalaya",17,"Ri Bhoi",276,"Ri-Bhoi",0,0,0,0,1,18,0,0,0,1,0,0,0,0,0,0,0,0,0,0,0,0,0,0,0,0,0,0,0,0,0,0,0,0,0,0,0,0,0,0,0,0,0,0,0,0,0,0,0
561,2024,"Meghalaya",17,"South Garo Hills",277,"Garo Hills South",0,0,0,0,1,0,0,0,0,0,0,0,0,0,0,0,0,0,0,0,0,0,0,0,0,0,0,0,0,0,0,0,0,0,0,0,0,0,0,0,0,0,0,0,0,0,0,0,0
562,2024,"Meghalaya",17,"South West Garo Hills",663,"Garo Hills South West",0,0,0,0,1,2,1,0,0,0,0,0,0,0,0,0,0,0,0,0,0,0,0,0,0,0,0,0,0,0,0,0,0,0,0,0,0,0,0,0,0,0,0,0,0,0,0,0,0
563,2024,"Meghalaya",17,"South West Khasi Hills",658,"Khasi Hills South West",0,0,0,0,0,2,0,0,0,3,0,0,0,0,0,0,0,0,0,0,0,0,0,0,0,0,0,0,0,0,0,0,0,0,0,0,0,0,0,0,0,0,0,0,0,0,0,0,0
564,2024,"Meghalaya",17,"West Garo Hills",278,"Garo Hills West",1,1,0,0,1,6,0,0,0,8,7,0,0,0,0,0,0,0,0,1,0,0,0,0,0,0,0,0,0,0,0,0,0,0,0,0,0,0,0,0,0,0,0,0,0,0,0,0,0
565,2024,"Meghalaya",17,"West Jaintia Hills",275,"Jaintia Hills West",0,0,0,0,0,5,0,0,0,0,0,0,0,0,0,0,0,0,0,0,0,0,0,0,0,0,0,0,0,0,0,0,0,0,0,0,0,0,0,0,0,0,0,0,0,0,0,0,0
566,2024,"Meghalaya",17,"West Khasi Hills",279,"Khasi Hills West",0,0,4,0,0,0,0,0,0,0,0,0,0,0,0,1,0,0,0,0,0,0,0,0,0,0,0,0,0,0,0,0,0,0,0,0,0,0,0,0,0,0,0,0,0,0,0,0,0
567,2024,"Mizoram",15,"Aizawl",261,"Aizawl",0,0,0,0,0,0,0,0,0,0,0,0,0,0,0,0,0,0,0,0,0,0,0,0,0,0,0,0,0,0,0,0,0,0,0,0,0,0,0,0,0,0,0,0,0,0,0,0,0
568,2024,"Mizoram",15,"Aizawl",261,"Crime And Eou",0,0,0,0,0,0,0,0,0,0,0,0,0,0,0,0,0,0,0,0,0,0,0,0,0,0,0,0,0,0,0,0,0,0,0,0,0,0,0,0,0,0,0,0,0,0,0,0,0
569,2024,"Mizoram",15,"Aizawl",261,"Cyber",0,0,0,0,0,17,0,0,0,10,0,0,0,0,0,0,0,0,0,14,0,0,0,0,0,0,0,0,0,0,0,0,0,0,0,0,0,0,0,0,0,0,0,0,0,0,0,0,0
570,2024,"Mizoram",15,"Aizawl",261,"Spl Narcotic",0,0,0,0,0,0,0,0,0,0,0,0,0,0,0,0,0,0,0,0,0,0,0,0,0,0,0,0,0,0,0,0,0,0,0,0,0,0,0,0,0,0,0,0,0,0,0,0,0
571,2024,"Mizoram",15,"Champhai",262,"Champhai",0,0,0,0,0,0,0,0,0,7,0,0,0,0,0,0,0,0,0,0,0,0,0,0,0,0,0,0,0,0,0,0,0,0,0,0,0,0,0,0,0,0,0,0,0,0,0,0,0
572,2024,"Mizoram",15,"Hnahthial",726,"Hnahthial",0,0,0,0,0,0,0,0,0,0,0,0,0,0,0,0,0,0,0,0,0,0,0,0,0,0,0,0,0,0,0,0,0,0,0,0,0,0,0,0,0,0,0,0,0,0,0,0,0
573,2024,"Mizoram",15,"Khawzawl",728,"Khawzawl",0,0,0,0,0,0,0,0,0,0,0,0,0,0,0,0,0,0,0,0,0,0,0,0,0,0,0,0,0,0,0,0,0,0,0,0,0,0,0,0,0,0,0,0,0,0,0,0,0
574,2024,"Mizoram",15,"Kolasib",263,"Kolasib",0,0,0,0,0,0,0,0,0,0,0,0,0,0,0,0,0,0,0,0,0,0,0,0,0,0,0,0,0,0,0,0,0,0,0,0,0,0,0,0,0,0,0,0,0,0,0,0,0
575,2024,"Mizoram",15,"Lawngtlai",264,"Lawngtlai",0,0,0,0,0,0,0,0,0,0,0,0,0,0,0,0,0,0,0,0,0,0,0,0,0,0,0,0,0,0,0,0,0,0,0,0,0,0,0,0,0,0,0,0,0,0,0,0,0
576,2024,"Mizoram",15,"Lunglei",265,"Lunglei",0,0,0,0,0,0,1,0,0,1,0,0,0,0,0,0,0,0,0,0,0,0,0,0,0,0,0,0,0,0,0,0,0,0,0,0,0,0,0,0,0,0,0,0,0,0,0,0,0
577,2024,"Mizoram",15,"Mamit",266,"Mamit",0,0,0,0,0,0,0,0,0,0,0,0,0,0,0,0,0,0,0,0,0,0,0,0,0,0,0,0,0,0,0,0,0,0,0,0,0,0,0,0,0,0,0,0,0,0,0,0,0
578,2024,"Mizoram",15,"Saitual",727,"Saitual",0,0,0,0,0,0,0,0,0,0,0,0,0,0,0,0,0,0,0,0,0,0,0,0,0,0,0,0,0,0,0,0,0,0,0,0,0,0,0,0,0,0,0,0,0,0,0,0,0
579,2024,"Mizoram",15,"Serchhip",268,"Serchhip",0,0,0,0,0,0,0,0,0,0,0,0,0,0,0,0,0,0,0,0,0,0,0,0,0,0,0,0,0,0,0,0,0,0,0,0,0,0,0,0,0,0,0,0,0,0,0,0,0
580,2024,"Mizoram",15,"Siaha",267,"Saiha",0,0,0,0,0,0,0,0,0,0,0,0,0,0,0,0,0,0,0,0,0,0,0,0,0,0,0,0,0,0,0,0,0,0,0,0,0,0,0,0,0,0,0,0,0,0,0,0,0
581,2024,"Nagaland",13,"Dimapur",244,"Dimapur",0,0,0,0,1,0,0,0,0,0,0,0,0,0,0,0,0,0,0,0,0,0,0,0,0,0,0,0,0,0,0,0,0,0,0,0,0,0,0,0,0,0,0,0,0,0,0,0,0
582,2024,"Nagaland",13,"Kiphire",614,"Kiphire",0,0,0,0,0,0,0,0,0,0,0,0,0,0,0,0,0,0,0,0,0,0,0,0,0,0,0,0,0,0,0,0,0,0,0,0,0,0,0,0,0,0,0,0,0,0,0,0,0
583,2024,"Nagaland",13,"Kohima",245,"Crime",0,0,0,0,0,0,0,0,0,0,0,0,0,0,0,0,0,0,0,0,0,0,0,0,0,0,0,0,0,0,0,0,0,0,0,0,0,0,0,0,0,0,0,0,0,0,0,0,0
584,2024,"Nagaland",13,"Kohima",245,"Cyber Security",1,0,0,0,0,6,0,0,0,2,0,0,0,0,0,0,0,0,0,0,0,0,0,0,0,0,0,0,0,0,0,0,0,0,0,0,0,0,0,0,0,0,0,0,0,0,0,0,0
585,2024,"Nagaland",13,"Kohima",245,"Kohima",0,0,0,0,0,0,0,0,0,0,0,0,0,0,0,0,0,0,0,0,0,0,0,0,0,0,0,0,0,0,0,0,0,0,0,0,0,0,0,0,0,0,0,0,0,0,0,0,0
586,2024,"Nagaland",13,"Kohima",245,"Narcotics",0,0,0,0,0,0,0,0,0,0,0,0,0,0,0,0,0,0,0,0,0,0,0,0,0,0,0,0,0,0,0,0,0,0,0,0,0,0,0,0,0,0,0,0,0,0,0,0,0
587,2024,"Nagaland",13,"Longleng",615,"Longleng",0,0,0,0,0,0,1,0,0,0,0,0,0,0,0,0,0,0,0,0,0,0,0,0,0,0,0,0,0,0,0,0,0,0,0,0,0,0,0,0,0,0,0,0,0,0,0,0,0
588,2024,"Nagaland",13,"Mokokchung",246,"Mokokchung",0,0,0,0,0,0,0,0,0,0,0,0,0,0,0,0,0,0,0,0,0,0,0,0,0,0,0,0,0,0,0,0,0,0,0,0,0,0,0,0,0,0,0,0,0,0,0,0,0
589,2024,"Nagaland",13,"Mon",247,"Mon",0,0,0,0,1,0,1,0,0,0,0,0,0,0,0,0,0,0,0,0,0,0,0,0,0,0,0,0,0,0,0,0,0,0,0,0,0,0,0,0,0,0,0,0,0,0,0,0,0
590,2024,"Nagaland",13,"Noklak",736,"Noklak",0,0,0,0,0,0,0,0,0,0,0,0,0,0,0,0,0,0,0,0,0,0,0,0,0,0,0,0,0,0,0,0,0,0,0,0,0,0,0,0,0,0,0,0,0,0,0,0,0
591,2024,"Nagaland",13,"Peren",613,"Peren",0,0,0,0,0,0,0,0,0,0,0,0,0,0,0,0,0,1,0,0,0,0,0,0,0,0,0,0,0,0,0,0,0,0,0,0,0,0,0,0,0,0,0,0,0,0,0,0,0
592,2024,"Nagaland",13,"Phek",248,"Phek",0,0,0,0,0,0,0,0,0,0,0,0,0,0,0,0,0,0,0,0,0,0,0,0,0,0,0,0,0,0,0,0,0,0,0,0,0,0,0,0,0,0,0,0,0,0,0,0,0
593,2024,"Nagaland",13,"Shamator",765,"Shamator",0,0,0,0,0,0,0,0,0,0,0,0,0,0,0,0,0,0,0,0,0,0,0,0,0,0,0,0,0,0,0,0,0,0,0,0,0,0,0,0,0,0,0,0,0,0,0,0,0
594,2024,"Nagaland",13,"Tseminyu",757,"Tseminyu",0,0,0,0,0,0,0,0,0,0,0,0,0,0,0,0,0,0,0,0,0,0,0,0,0,0,0,0,0,0,0,0,0,0,0,0,0,0,0,0,0,0,0,0,0,0,0,0,0
595,2024,"Nagaland",13,"Tuensang",249,"Tuensang",0,0,0,0,0,0,0,0,0,0,0,0,0,0,0,0,0,0,0,0,0,0,0,0,0,0,0,0,0,0,0,0,0,0,0,0,0,0,0,0,0,0,0,0,0,0,0,0,0
596,2024,"Nagaland",13,"Wokha",250,"Wokha",0,0,0,0,0,0,0,0,0,0,0,0,0,0,0,0,0,0,0,0,0,0,0,0,0,0,0,0,0,0,0,0,0,0,0,0,0,0,0,0,0,0,0,0,0,0,0,0,0
597,2024,"Nagaland",13,"Zunheboto",251,"Zunheboto",0,0,0,0,0,0,0,0,0,0,0,0,0,0,0,0,0,0,0,0,0,0,0,0,0,0,0,0,0,0,0,0,0,0,0,0,0,0,0,0,0,0,0,0,0,0,0,0,0
598,2024,"Odisha",21,"Angul",344,"Angul",0,0,0,0,0,0,0,0,0,4,8,0,0,0,0,0,0,0,0,0,0,0,0,0,0,0,0,0,42,0,0,0,0,0,0,0,0,0,0,0,0,0,0,0,0,0,0,0,0
599,2024,"Odisha",21,"Balangir",345,"Bolangir",0,0,0,0,0,0,0,0,38,0,0,0,0,0,0,0,0,0,0,0,0,0,0,0,0,0,0,0,97,0,0,0,0,0,0,0,0,0,0,0,0,0,0,0,0,0,0,0,0
600,2024,"Odisha",21,"Baleshwar",346,"Balasore",0,0,0,0,2,0,0,0,14,2,3,0,0,0,0,0,0,0,0,1,0,0,0,0,0,0,0,0,33,0,0,0,0,0,0,0,0,0,0,0,0,0,0,0,0,0,0,0,23
601,2024,"Odisha",21,"Baleshwar",346,"Berhampur",0,0,0,0,1,0,0,0,4,7,2,0,0,0,0,0,0,0,0,0,0,0,0,0,0,0,0,0,17,0,0,0,0,0,0,0,0,0,0,0,0,0,0,0,0,0,0,0,0
602,2024,"Odisha",21,"Bargarh",347,"Baragarh",0,0,0,0,3,0,0,0,6,5,9,0,0,0,0,0,0,0,0,4,0,0,0,0,0,0,0,0,58,0,0,0,0,0,0,0,0,0,0,0,0,0,0,0,0,0,0,0,0
603,2024,"Odisha",21,"Bhadrak",348,"Bhadrak",0,0,0,0,3,0,0,0,18,34,1,0,0,0,0,0,0,0,0,0,0,0,0,0,0,0,0,0,47,0,0,0,0,0,0,0,0,0,0,0,0,0,0,0,0,0,0,0,0
604,2024,"Odisha",21,"Boudh",349,"Boudh",0,0,1,0,0,0,0,0,1,1,1,0,0,0,0,0,0,0,0,0,0,0,0,0,0,0,0,0,4,0,0,0,0,0,0,0,0,0,0,0,0,0,0,0,0,0,0,0,0
605,2024,"Odisha",21,"Cuttack",350,"Cid Cb",0,0,0,0,0,0,0,0,0,0,0,0,0,0,0,0,0,0,0,0,0,0,0,0,0,0,0,0,57,0,0,0,0,0,0,0,0,0,0,0,0,0,0,2,0,0,0,0,1
606,2024,"Odisha",21,"Cuttack",350,"Cuttack",0,0,3,0,0,0,0,0,14,13,1,0,0,0,0,0,0,0,0,0,0,0,0,0,0,0,0,0,22,0,0,0,0,0,0,0,0,0,0,0,0,0,0,0,0,0,0,0,9
607,2024,"Odisha",21,"Cuttack",350,"Dcp Ctc",0,0,0,0,5,0,0,0,3,24,3,0,0,0,0,0,0,0,0,0,0,0,0,0,0,0,0,0,18,0,0,0,0,0,0,0,0,0,0,0,0,0,0,0,0,0,0,0,0
608,2024,"Odisha",21,"Cuttack",350,"Srp(Cuttack)",0,0,0,0,0,0,0,0,0,0,0,0,0,0,0,0,0,0,0,0,0,0,0,0,0,0,0,0,0,0,0,0,0,0,0,0,0,0,0,0,0,0,0,0,0,0,0,0,0
609,2024,"Odisha",21,"Deogarh",351,"Deogarh",0,0,0,0,0,0,0,0,0,9,0,0,0,0,0,0,0,0,0,0,0,0,0,0,0,0,0,0,11,0,0,0,0,0,0,0,0,0,0,0,0,0,0,0,0,0,0,0,0
610,2024,"Odisha",21,"Dhenkanal",352,"Dhenkanal",0,0,2,0,0,0,0,0,11,4,3,0,0,0,0,0,0,0,0,0,0,0,0,0,0,0,0,0,26,0,0,0,0,0,0,0,0,0,0,0,0,0,0,0,0,0,0,0,0
611,2024,"Odisha",21,"Gajapati",353,"Gajapati",0,0,0,0,0,0,0,0,2,0,0,0,0,0,0,0,0,0,0,2,0,0,0,0,0,0,0,0,27,0,0,0,0,0,0,0,0,0,0,0,0,0,0,0,0,0,0,0,0
612,2024,"Odisha",21,"Ganjam",354,"Ganjam",0,0,17,0,0,0,0,0,8,26,4,0,0,0,0,0,0,0,0,0,0,0,0,0,0,0,0,0,71,0,0,0,0,0,0,0,0,0,0,0,0,0,0,0,0,0,0,0,0
613,2024,"Odisha",21,"Jagatsinghapur",355,"Jagatsinghpur",0,0,11,0,0,0,0,0,35,9,4,0,1,0,0,0,0,0,0,0,0,0,0,0,0,0,0,0,42,0,0,0,0,0,0,0,0,0,0,0,0,0,0,0,0,0,0,0,0
614,2024,"Odisha",21,"Jajpur",356,"Jajpur",0,0,24,0,0,0,0,0,8,36,8,0,2,0,0,0,0,0,0,0,0,0,0,0,0,0,0,0,76,0,0,0,0,0,0,0,0,0,0,0,0,0,0,0,0,0,0,0,0
615,2024,"Odisha",21,"Jharsuguda",357,"Jharsuguda",0,0,0,0,0,0,0,0,3,7,1,0,0,0,0,0,0,0,0,1,0,0,0,0,0,0,0,0,40,0,0,0,0,0,0,0,0,0,0,0,0,0,0,0,0,0,0,0,0
616,2024,"Odisha",21,"Kalahandi",358,"Kalahandi",0,0,0,0,3,0,0,0,6,14,0,0,0,0,0,0,0,0,0,0,0,0,0,0,0,0,0,0,55,0,0,0,0,0,0,0,0,0,0,0,0,0,0,0,0,0,0,0,3
617,2024,"Odisha",21,"Kandhamal",359,"Kandhamal",0,0,0,0,0,0,0,0,2,2,0,0,0,0,0,0,0,0,0,0,0,0,0,0,0,0,0,0,5,0,0,0,0,0,0,0,0,0,0,0,0,0,0,0,0,0,0,0,1
618,2024,"Odisha",21,"Kendrapara",360,"Kendrapara",0,0,2,0,0,0,0,0,23,19,0,0,13,0,0,0,0,0,0,0,0,0,0,0,0,0,0,0,27,0,0,0,0,0,0,0,0,0,0,0,0,0,0,0,0,0,0,0,0
619,2024,"Odisha",21,"Kendujhar",361,"Keonjhar",0,0,5,0,0,0,0,0,10,7,0,0,0,0,0,0,0,0,0,10,0,0,0,0,0,0,0,0,55,0,0,0,0,0,0,0,0,0,0,0,0,0,0,0,0,0,0,0,0
620,2024,"Odisha",21,"Khordha",362,"Dcp Bbsr",0,0,28,0,0,0,0,0,15,38,6,0,0,0,0,0,0,0,0,0,0,0,0,0,0,0,0,0,132,0,0,0,0,0,0,0,0,0,0,0,0,0,0,0,0,0,0,0,11
621,2024,"Odisha",21,"Khordha",362,"Khurda",0,0,1,0,0,0,0,0,1,9,1,0,0,0,0,0,0,0,0,1,0,0,0,0,0,0,0,0,9,0,0,0,0,0,0,0,0,0,0,0,0,0,0,0,0,0,0,0,0
622,2024,"Odisha",21,"Koraput",363,"Koraput",0,0,0,0,0,0,0,0,0,4,4,0,0,0,0,0,0,0,0,2,0,0,0,0,0,0,0,0,21,0,0,0,0,0,0,0,0,0,0,0,0,0,0,0,0,0,0,0,3
623,2024,"Odisha",21,"Malkangiri",364,"Malkangiri",0,0,0,0,0,0,0,0,4,28,1,0,0,0,0,0,0,0,0,0,0,0,0,0,0,0,0,0,49,0,0,0,0,0,0,0,0,0,0,0,0,0,0,0,0,0,0,0,0
624,2024,"Odisha",21,"Mayurbhanj",365,"Mayurbhanj",0,0,2,0,0,0,0,0,7,12,1,0,0,0,0,0,0,0,0,2,0,0,0,0,0,0,0,0,71,0,0,0,0,0,0,0,0,0,0,0,0,0,0,0,0,0,0,0,0
625,2024,"Odisha",21,"Nabarangpur",366,"Nabarangpur",0,0,0,0,0,0,0,0,2,11,0,0,0,0,0,0,0,0,0,1,0,0,0,0,0,0,0,0,27,0,0,0,0,0,0,0,0,0,0,0,0,0,0,0,0,0,0,0,0
626,2024,"Odisha",21,"Nayagarh",367,"Nayagarh",0,0,0,0,3,0,0,0,13,12,2,0,0,0,0,0,0,0,0,0,0,0,0,0,0,0,0,0,12,0,0,0,0,0,0,0,0,0,0,0,0,0,0,0,0,0,0,0,1
627,2024,"Odisha",21,"Nuapada",368,"Nuapada",0,0,2,0,0,0,0,0,4,2,0,0,0,0,0,0,0,0,0,0,0,0,0,0,0,0,0,0,4,0,0,0,0,0,0,0,0,0,0,0,0,0,0,0,0,0,0,0,0
628,2024,"Odisha",21,"Puri",369,"Puri",0,0,0,0,4,0,0,0,2,11,3,0,0,0,0,0,0,0,0,0,0,0,0,0,0,0,0,0,25,0,0,0,0,0,0,0,0,0,0,0,0,0,0,0,0,0,0,0,0
629,2024,"Odisha",21,"Rayagada",370,"Rayagada",0,0,0,0,0,0,0,0,1,0,0,0,0,0,0,0,0,0,0,2,0,0,0,0,0,0,0,0,16,0,0,0,0,0,0,0,0,0,0,0,0,0,0,0,0,0,0,0,0
630,2024,"Odisha",21,"Sambalpur",371,"Sambalpur",0,0,1,0,0,0,0,0,7,5,2,0,0,0,0,0,0,0,0,0,0,0,0,0,0,0,0,0,106,0,0,0,0,0,0,0,0,0,0,0,0,0,0,0,0,0,0,0,1
631,2024,"Odisha",21,"Sonepur",372,"Sonepur",0,0,2,0,0,0,0,0,2,1,0,0,0,0,0,0,0,0,0,1,0,0,0,0,0,0,0,0,14,0,0,0,0,0,0,0,0,0,0,0,0,0,0,0,0,0,0,0,0
632,2024,"Odisha",21,"Sundargarh",373,"Rourkela",0,7,0,0,0,0,0,0,9,6,0,0,0,0,0,0,0,0,0,0,0,0,0,0,0,0,0,0,200,0,0,0,0,0,0,0,0,0,0,0,0,0,0,0,0,0,0,0,5
633,2024,"Odisha",21,"Sundargarh",373,"Srp(Rourkela)",0,0,0,0,0,7,0,0,0,0,0,0,0,0,0,0,0,0,0,0,0,0,0,0,0,0,0,0,0,0,0,0,0,0,0,0,0,0,0,0,0,0,0,0,0,0,0,0,0
634,2024,"Odisha",21,"Sundargarh",373,"Sundargarh",0,0,0,0,2,0,0,0,6,2,0,0,0,0,0,0,0,0,0,0,0,0,0,0,0,0,0,0,30,0,0,0,0,0,0,0,0,0,0,0,0,0,0,0,0,0,0,0,0
635,2024,"Puducherry",34,"Karaikal",598,"Karaikal",0,0,0,0,0,4,1,0,1,0,0,0,0,0,0,0,0,0,0,0,0,0,0,0,0,0,0,0,0,0,0,0,0,0,0,0,0,0,0,0,0,0,0,0,0,0,0,0,0
636,2024,"Puducherry",34,"Puducherry",600,"Puducherry",0,0,79,1,1,45,0,0,0,6,0,0,4,0,0,0,0,0,0,0,0,0,0,0,0,0,0,0,0,0,0,0,0,0,0,0,0,0,0,0,0,0,0,0,0,0,0,0,0
637,2024,"Punjab",3,"Amritsar",27,"Amritsar Rural",0,0,3,1,3,5,0,0,0,1,0,0,0,0,0,0,0,0,0,0,0,0,0,0,0,0,0,0,0,0,0,0,0,0,0,0,0,0,0,0,0,0,0,0,0,0,0,0,0
638,2024,"Punjab",3,"Amritsar",27,"Cp Amritsar",0,0,0,0,0,0,0,0,0,0,0,0,0,0,0,0,0,0,0,0,0,0,0,0,0,0,0,0,0,0,0,0,0,0,0,22,0,0,0,0,0,2,0,7,0,0,0,0,0
639,2024,"Punjab",3,"Amritsar",27,"Special Task Force",0,0,0,0,0,0,0,0,0,0,0,0,0,0,0,0,0,0,0,0,0,0,0,0,0,0,0,0,0,0,0,0,0,0,0,0,0,0,0,0,0,0,0,0,0,0,0,0,0
640,2024,"Punjab",3,"Barnala",605,"Barnala",1,0,1,0,0,10,0,0,0,0,0,0,2,0,0,0,0,0,0,0,0,0,0,0,0,0,0,0,0,0,0,0,0,0,0,0,0,0,0,0,0,0,0,0,0,0,0,0,0
641,2024,"Punjab",3,"Bathinda",28,"Bathinda",0,0,0,0,1,3,0,0,1,0,0,0,0,0,0,0,0,0,0,3,0,1,0,0,0,0,0,0,0,0,0,0,0,0,0,5,0,0,0,0,0,1,0,2,0,0,3,0,0
642,2024,"Punjab",3,"Faridkot",29,"Faridkot",0,0,0,0,0,0,0,0,1,0,0,0,0,0,0,0,0,0,0,2,0,0,0,0,0,0,0,0,0,0,0,0,0,0,0,6,0,0,1,0,0,0,0,0,0,0,0,0,0
643,2024,"Punjab",3,"Fatehgarh Sahib",30,"Fatehgarh Sahib",0,0,0,0,0,0,0,0,0,0,0,0,0,0,0,0,0,0,0,0,0,0,0,0,0,0,0,0,0,0,0,0,0,0,0,1,0,0,0,0,0,0,0,0,0,0,0,0,4
644,2024,"Punjab",3,"Fazilka",651,"Fazilka",0,0,0,0,0,0,0,0,0,0,0,0,0,0,0,0,0,0,0,14,0,0,0,0,0,0,0,0,0,0,0,0,0,0,0,7,0,0,0,0,0,0,0,9,0,0,0,0,0
645,2024,"Punjab",3,"Ferozepur",31,"Ferozepur",0,0,0,0,0,0,0,0,0,0,0,0,0,0,0,0,0,0,0,6,0,0,2,0,0,0,0,0,0,0,0,0,0,0,0,4,0,0,0,0,0,0,0,4,0,0,0,0,0
646,2024,"Punjab",3,"Gurdaspur",32,"Batala",0,0,0,0,0,0,0,0,1,1,0,0,0,0,0,0,0,0,0,0,0,1,0,0,0,0,0,0,8,0,0,0,0,0,0,0,0,0,1,0,0,1,0,1,0,0,0,0,0
647,2024,"Punjab",3,"Gurdaspur",32,"Gurdaspur",0,0,0,0,1,1,0,0,0,3,0,0,0,0,0,0,0,0,0,0,0,0,0,0,0,0,0,0,0,0,0,0,0,0,0,5,1,0,1,0,0,1,0,3,0,0,0,0,0
648,2024,"Punjab",3,"Hoshiarpur",33,"Hoshiarpur",0,0,0,0,1,0,0,0,0,0,1,0,0,0,0,0,0,0,0,0,0,0,0,0,0,0,0,0,0,0,0,0,0,0,0,14,0,0,1,0,0,3,0,11,0,0,0,0,0
649,2024,"Punjab",3,"Jalandhar",34,"Cp Jalandhar",0,0,2,0,13,263,0,0,3,2,0,0,0,0,0,0,0,0,0,0,0,1,0,0,0,0,0,0,0,0,0,0,0,0,0,6,0,0,0,0,0,6,0,7,0,0,0,0,0
650,2024,"Punjab",3,"Jalandhar",34,"Jalandhar Rural",0,0,0,0,0,8,0,0,0,0,0,0,0,0,0,0,0,0,0,0,0,0,0,0,0,0,0,0,0,0,0,0,0,0,1,19,0,0,0,0,0,0,0,4,0,0,0,0,0
651,2024,"Punjab",3,"Kapurthala",35,"Kapurthala",0,0,0,0,0,1,2,0,0,1,0,0,0,0,0,0,0,0,0,0,0,0,0,1,0,0,0,0,0,0,0,0,0,0,0,0,0,0,0,0,0,0,0,0,0,0,0,0,0
652,2024,"Punjab",3,"Ludhiana",36,"Cp Ludhiana",0,0,0,0,1,0,0,0,0,1,0,0,1,0,0,0,0,0,0,0,0,3,0,0,0,0,0,0,0,0,0,0,0,0,7,18,0,0,0,0,0,3,0,23,0,0,0,0,0
653,2024,"Punjab",3,"Ludhiana",36,"Khanna",0,0,0,0,2,7,1,0,0,0,0,0,8,0,0,0,0,0,0,0,0,0,0,0,0,0,0,0,0,0,0,0,0,0,0,0,0,0,0,0,0,1,0,0,0,0,0,0,0
654,2024,"Punjab",3,"Ludhiana",36,"Ludhiana Rural",0,0,0,0,0,5,0,0,6,2,0,0,0,0,0,0,0,0,0,0,0,0,0,0,0,0,0,0,0,0,0,0,0,0,0,0,0,0,0,0,0,0,0,0,0,0,0,0,0
655,2024,"Punjab",3,"Malerkotla",737,"Malerkotla",0,0,0,0,0,3,1,0,0,0,0,0,0,0,0,0,0,0,0,0,0,0,0,0,0,0,0,0,0,0,0,0,0,0,0,0,0,0,0,0,0,0,0,0,0,0,0,0,0
656,2024,"Punjab",3,"Mansa",37,"Mansa",0,0,0,0,0,0,0,0,0,0,0,0,0,0,0,0,0,0,0,1,0,0,0,0,0,0,0,0,0,0,0,0,0,0,0,12,0,0,0,0,0,0,0,3,0,0,0,0,0
657,2024,"Punjab",3,"Moga",38,"Moga",0,0,0,0,2,6,1,0,6,4,1,1,0,0,0,0,0,0,0,0,0,1,0,0,0,0,0,0,0,0,0,0,0,0,0,2,0,0,0,0,0,1,0,1,0,0,0,0,3
658,2024,"Punjab",3,"Pathankot",662,"Pathankot",0,0,0,0,3,0,0,0,0,3,1,0,1,0,0,0,0,0,0,0,1,1,0,0,0,0,0,0,3,0,0,4,0,1,0,4,0,0,0,0,0,0,0,0,0,0,0,0,0
659,2024,"Punjab",3,"Patiala",41,"Grp",0,0,0,0,2,1,0,1,0,0,0,0,0,0,0,0,0,0,0,0,0,0,0,0,0,0,0,0,0,0,0,0,0,0,0,0,0,0,0,0,0,0,0,0,0,0,0,0,0
660,2024,"Punjab",3,"Patiala",41,"Patiala",1,0,0,0,4,0,0,0,0,6,0,0,1,0,0,0,0,0,0,0,0,0,0,0,0,0,0,0,0,0,0,0,0,0,0,0,1,0,0,0,0,0,0,0,0,0,0,0,0
661,2024,"Punjab",3,"Rupnagar",42,"Ropar",0,0,0,0,0,0,0,0,0,0,1,0,0,0,0,0,0,0,0,0,0,1,0,0,0,0,0,0,0,0,0,0,3,0,9,11,0,0,0,0,0,0,0,0,0,0,0,0,0
662,2024,"Punjab",3,"S.A.S Nagar",608,"Bureau Of Investigation",0,0,0,0,0,0,0,0,0,0,0,0,0,0,0,0,0,0,0,0,0,0,0,0,0,0,0,0,0,0,0,0,0,0,0,0,0,0,0,0,0,0,0,1,0,0,0,0,0
663,2024,"Punjab",3,"S.A.S Nagar",608,"Cyber Crime Wing",0,0,0,0,3,0,1,0,0,0,1,0,0,0,0,0,0,0,0,0,0,0,0,0,0,0,0,0,0,0,0,0,0,0,0,0,0,0,0,0,0,0,0,0,0,0,0,0,0
664,2024,"Punjab",3,"S.A.S Nagar",608,"Intelligence Wing",0,0,0,0,0,0,0,0,0,0,0,0,0,0,0,0,0,0,0,0,0,0,0,0,0,0,0,0,0,0,0,0,0,0,0,0,0,0,0,0,0,0,0,0,0,0,0,0,0
665,2024,"Punjab",3,"S.A.S Nagar",608,"Nri Wing",0,0,0,0,0,0,0,0,0,0,0,0,0,0,0,0,0,0,0,0,0,0,0,0,0,0,0,0,0,0,0,0,0,0,0,0,0,0,0,0,0,0,0,0,0,0,0,0,0
666,2024,"Punjab",3,"S.A.S Nagar",608,"Sas Nagar",0,0,0,0,0,14,0,0,0,0,0,0,0,0,0,0,0,0,0,0,0,0,0,0,0,0,0,0,0,0,0,0,0,0,0,0,0,0,0,0,0,0,0,0,0,0,0,0,0
667,2024,"Punjab",3,"Sangrur",43,"Sangrur",0,0,0,0,0,53,0,0,0,0,0,0,0,0,0,0,0,0,0,4,0,0,0,0,0,0,0,0,0,0,0,0,0,0,0,0,0,0,0,0,0,0,0,0,0,0,0,0,0
668,2024,"Punjab",3,"Shahid Bhagat Singh Nagar",40,"Sbs Nagar",0,0,0,0,0,0,0,0,0,0,0,0,0,0,0,0,0,0,0,0,0,0,0,0,0,0,0,0,0,0,0,0,24,0,0,0,0,0,0,0,0,0,0,0,0,0,0,0,0
669,2024,"Punjab",3,"Sri Muktsar Sahib",39,"Muktsar",0,0,0,0,0,0,0,0,0,0,0,0,0,0,0,0,0,0,0,0,0,0,0,0,0,0,0,0,0,1,0,0,0,0,6,0,0,2,0,0,0,0,0,4,0,0,0,0,0
670,2024,"Punjab",3,"Tarn Taran",609,"Tarn Taran",0,0,0,0,0,0,0,0,0,1,2,0,1,0,0,0,0,0,0,0,0,0,0,0,0,0,3,0,25,0,0,0,0,0,0,0,0,0,0,0,0,0,0,0,0,0,0,0,0
671,2024,"Rajasthan",8,"Ajmer",86,"Ajmer",0,0,0,0,2,1,1,0,0,2,2,0,1,0,0,0,0,0,0,3,0,2,0,0,0,0,1,0,0,0,0,0,0,0,12,0,0,0,0,0,0,0,0,6,0,0,0,0,0
672,2024,"Rajasthan",8,"Ajmer",86,"Grp Ajmer",0,0,0,0,3,0,0,0,0,0,0,0,0,0,0,0,0,0,0,0,0,0,0,0,0,0,0,0,0,0,0,0,0,0,0,0,0,0,0,0,0,0,0,0,0,0,0,0,0
673,2024,"Rajasthan",8,"Alwar",87,"Alwar",0,0,0,0,0,8,0,0,0,0,0,0,3,0,0,0,0,0,0,0,0,0,0,0,0,0,0,0,0,0,0,0,0,0,0,0,0,0,0,0,0,0,0,0,0,0,0,0,0
674,2024,"Rajasthan",8,"Anupgarh",776,"Anupgarh",0,0,0,0,0,0,0,0,0,0,0,0,2,0,0,0,0,0,0,0,0,0,0,1,0,0,0,0,0,0,0,0,0,0,0,0,0,0,0,0,0,0,0,0,0,0,0,0,0
675,2024,"Rajasthan",8,"Balotra",775,"Balotra",0,0,0,0,0,0,0,0,2,0,1,0,0,0,0,0,0,0,0,0,0,0,2,0,0,0,0,0,0,0,0,0,0,0,0,1,2,0,0,0,0,2,0,3,0,0,0,0,0
676,2024,"Rajasthan",8,"Banswara",88,"Banswara",0,0,0,0,0,0,0,0,0,0,8,0,0,0,0,0,0,0,0,0,1,0,0,0,0,0,0,0,0,0,0,0,0,0,0,2,21,0,0,0,0,0,0,2,0,0,0,0,0
677,2024,"Rajasthan",8,"Baran",89,"Baran",0,0,0,0,0,0,1,0,0,0,0,0,0,0,0,0,0,0,0,0,0,6,2,0,0,0,0,0,0,0,0,0,0,0,0,7,0,0,1,0,0,0,0,0,0,0,0,0,0
678,2024,"Rajasthan",8,"Barmer",90,"Barmer",0,0,0,0,0,0,0,0,3,5,30,0,0,0,0,1,0,0,0,0,0,6,0,0,0,0,0,0,0,0,0,0,0,0,0,13,0,0,0,0,0,8,0,4,0,0,0,0,0
679,2024,"Rajasthan",8,"Beawar",774,"Beawar",0,0,0,0,0,0,0,0,0,14,8,0,0,0,0,0,0,0,0,0,0,0,0,0,0,0,0,0,0,0,0,0,0,0,0,0,0,0,0,0,0,0,0,0,0,0,0,0,0
680,2024,"Rajasthan",8,"Bharatpur",91,"Bharatpur",0,0,0,0,0,4,1,0,7,4,0,0,0,0,0,0,0,0,0,1,0,0,0,0,0,0,0,0,0,0,0,0,0,0,0,0,0,0,0,0,0,0,0,0,0,0,0,0,0
681,2024,"Rajasthan",8,"Bhilwara",92,"Bhilwara",0,0,0,0,0,0,0,0,5,2,1,0,0,0,0,0,0,0,0,0,0,3,0,0,0,0,0,0,0,0,0,0,0,0,0,30,0,0,0,0,0,6,0,9,0,0,0,0,0
682,2024,"Rajasthan",8,"Bikaner",93,"Bikaner",0,0,0,0,0,0,0,0,0,0,0,0,0,0,0,0,0,0,0,9,0,0,0,0,0,0,0,0,0,0,0,0,0,0,0,0,0,0,0,0,0,0,0,0,0,0,0,0,0
683,2024,"Rajasthan",8,"Bundi",94,"Bundi",0,0,0,0,0,0,0,0,0,0,0,0,0,0,0,0,0,0,0,0,0,0,0,0,0,0,0,0,0,0,0,0,0,0,0,12,0,0,0,0,0,0,0,0,0,0,0,0,0
684,2024,"Rajasthan",8,"Chittorgarh",95,"Chittorgarh",0,0,0,0,0,0,0,0,0,0,0,0,0,0,0,0,0,0,0,0,0,0,0,0,0,0,0,0,0,0,0,0,0,0,0,0,0,0,0,0,0,0,0,0,0,0,0,0,0
685,2024,"Rajasthan",8,"Churu",96,"Churu",0,0,0,0,0,3,0,0,0,11,0,0,0,0,0,0,0,0,0,0,0,0,0,0,0,0,0,0,0,0,0,0,0,0,0,0,0,0,0,0,0,0,0,0,0,0,0,0,0
686,2024,"Rajasthan",8,"Dausa",97,"Dausa",0,0,0,0,0,0,0,0,0,0,4,0,0,0,0,0,0,0,0,3,0,0,0,0,0,0,0,0,0,0,0,0,0,0,0,32,0,0,1,0,0,0,0,19,0,0,0,0,0
687,2024,"Rajasthan",8,"Deeg",767,"Deeg",0,0,0,0,0,0,0,0,0,0,0,0,0,0,0,0,0,0,0,6,0,0,0,26,0,0,0,0,0,0,0,0,0,0,0,0,0,0,0,0,0,0,0,0,0,0,0,0,0
688,2024,"Rajasthan",8,"Dholpur",98,"Dholpur",0,0,0,0,0,0,0,0,0,4,0,0,0,0,0,0,0,0,0,0,0,0,0,0,0,0,0,0,0,0,0,0,0,0,0,0,0,0,0,0,0,0,0,0,0,0,0,0,0
689,2024,"Rajasthan",8,"Didwana-Kuchaman",768,"Didwana-Kuchaman",0,0,0,0,0,0,0,0,16,0,0,0,0,0,0,0,0,0,0,0,0,0,0,0,0,0,0,0,0,0,0,0,0,0,0,0,0,0,0,0,0,0,0,0,0,0,0,0,0
690,2024,"Rajasthan",8,"Dudu",769,"Dudu",0,0,0,0,0,0,0,0,0,0,1,0,0,0,0,0,0,0,0,0,0,0,0,0,0,0,0,0,0,0,0,0,0,0,0,0,0,0,0,0,0,0,0,0,0,0,0,0,0
691,2024,"Rajasthan",8,"Dungarpur",99,"Dungarpur",0,0,0,0,0,0,0,0,0,0,0,0,0,0,0,0,0,0,0,5,0,0,0,3,0,0,0,0,0,0,0,0,0,0,0,0,0,0,0,0,0,0,0,0,0,0,0,0,0
692,2024,"Rajasthan",8,"Ganganagar",100,"Ganganagar",0,0,0,0,3,6,0,0,1,2,2,0,2,0,0,0,0,0,0,1,0,0,0,0,0,0,0,0,0,0,0,0,0,0,8,16,0,0,0,0,0,2,0,2,1,0,0,0,0
693,2024,"Rajasthan",8,"Gangapur City",771,"Gangapur City",0,0,0,0,0,0,0,0,0,4,0,0,2,0,0,0,0,0,0,0,0,0,0,0,0,0,0,0,0,0,0,0,0,0,0,0,0,0,0,0,0,0,0,0,0,0,0,0,0
694,2024,"Rajasthan",8,"Hanumangarh",101,"Hanumangarh",0,0,0,0,1,10,4,0,0,1,55,0,3,0,0,0,0,0,0,4,0,0,0,0,0,0,0,0,0,0,0,0,0,0,0,0,0,0,0,0,0,0,0,0,0,0,0,0,0
695,2024,"Rajasthan",8,"Jaipur",102,"Ats & Sog",0,0,0,0,0,0,0,0,0,0,0,0,0,0,0,0,0,0,0,0,0,0,0,0,0,0,0,0,0,0,0,0,0,0,0,0,0,0,0,0,0,0,0,0,0,0,0,0,0
696,2024,"Rajasthan",8,"Jaipur",102,"Jaipur Crime",0,0,0,0,0,0,0,0,0,0,0,0,0,0,0,0,0,0,0,7,0,0,0,0,0,0,0,0,0,0,0,0,0,0,0,0,0,0,0,0,0,0,0,0,0,0,0,0,0
697,2024,"Rajasthan",8,"Jaipur",102,"Jaipur East",0,0,0,1,0,2,1,0,2,7,5,0,0,0,0,0,0,0,0,0,0,1,2,0,0,0,0,0,1,0,0,0,0,0,3,26,0,1,1,0,0,1,0,20,1,0,0,0,0
698,2024,"Rajasthan",8,"Jaipur",102,"Jaipur Metro",0,0,0,0,0,0,0,0,0,0,0,0,0,0,0,0,0,0,0,0,0,0,0,0,0,0,0,0,0,0,0,0,0,0,0,0,0,0,0,0,0,0,0,0,0,0,0,0,0
699,2024,"Rajasthan",8,"Jaipur",102,"Jaipur North",0,0,0,0,0,1,0,0,0,1,0,0,1,0,0,0,0,0,0,0,0,0,0,0,0,0,0,0,0,0,0,0,0,0,0,0,0,0,0,0,0,0,0,0,0,0,0,0,0
700,2024,"Rajasthan",8,"Jaipur",102,"Jaipur South",0,0,0,0,0,1,0,0,2,3,1,0,0,0,0,0,0,0,0,5,0,0,1,0,0,0,0,0,0,0,0,0,0,0,0,44,0,0,0,0,0,1,0,44,0,0,0,0,0
701,2024,"Rajasthan",8,"Jaipur",102,"Jaipur West",0,0,0,0,0,0,0,0,0,0,0,0,0,0,0,0,0,0,0,10,0,0,0,0,0,0,0,0,0,0,0,0,0,0,0,0,0,0,0,0,0,0,0,0,0,0,0,0,0
702,2024,"Rajasthan",8,"Jaipur",102,"Scrb",0,0,0,0,0,0,0,0,0,0,0,0,0,0,0,0,0,0,0,0,0,0,0,3,0,0,0,0,0,0,0,0,0,0,0,10,0,0,0,0,0,0,0,0,0,0,0,0,0
703,2024,"Rajasthan",8,"Jaipur",102,"Ssb",0,0,0,0,0,0,0,0,0,0,0,0,0,0,0,0,0,0,0,0,0,0,0,0,0,0,0,0,0,0,0,0,0,0,0,0,0,0,0,0,0,0,0,0,0,0,0,0,0
704,2024,"Rajasthan",8,"Jaipur Gramin",783,"Jaipur Rural",0,0,0,0,3,4,0,0,0,15,2,0,0,0,0,0,0,0,0,0,0,0,0,0,0,0,0,0,0,0,0,0,0,0,0,0,0,0,0,0,0,0,0,0,0,0,0,0,0
705,2024,"Rajasthan",8,"Jaisalmer",103,"Jaisalmer",0,0,0,0,0,0,0,0,3,0,0,0,0,0,0,0,0,0,0,0,0,4,0,0,0,0,0,0,0,0,0,0,0,0,0,17,0,0,0,0,0,1,0,1,0,0,0,0,0
706,2024,"Rajasthan",8,"Jalore",104,"Jalore",0,0,0,0,0,0,0,0,0,0,0,0,0,0,0,0,0,0,0,7,0,0,0,0,0,0,0,0,0,0,0,0,0,0,0,0,0,0,0,0,0,0,0,0,0,0,0,0,0
707,2024,"Rajasthan",8,"Jhalawar",105,"Jhalawar",0,0,0,0,1,0,0,0,0,1,0,0,0,0,0,0,0,0,0,0,0,1,0,0,0,0,0,0,0,0,0,0,0,0,0,8,1,0,0,0,0,0,0,6,0,0,0,0,0
708,2024,"Rajasthan",8,"Jhunjhunu",106,"Jhunjhunu",0,0,0,0,0,2,0,0,0,0,0,0,0,0,0,0,0,0,0,0,0,0,0,0,0,0,0,8,0,0,0,0,0,0,0,14,0,0,0,0,0,6,0,0,0,0,0,0,0
709,2024,"Rajasthan",8,"Jodhpur",107,"Grp Jodhpur",0,0,0,0,0,0,0,0,0,0,0,0,0,0,0,0,0,0,0,0,0,0,0,0,0,0,0,0,0,0,0,0,0,0,0,0,0,0,0,0,0,0,0,0,0,0,0,0,0
710,2024,"Rajasthan",8,"Jodhpur",107,"Jodhpur Crime",0,0,0,0,1,0,0,0,0,0,0,0,0,0,0,0,0,0,0,0,0,0,0,0,0,0,0,0,0,0,0,0,0,0,0,11,0,0,0,0,0,0,0,0,0,0,0,0,0
711,2024,"Rajasthan",8,"Jodhpur",107,"Jodhpur East",0,0,0,0,0,1,1,0,4,5,4,0,0,0,0,0,0,0,0,0,0,1,6,0,0,0,0,0,0,0,0,0,0,0,0,8,0,0,0,0,0,4,0,2,0,0,0,0,0
712,2024,"Rajasthan",8,"Jodhpur",107,"Jodhpur Rural",0,0,0,0,0,0,0,0,0,3,0,0,0,0,0,0,0,0,0,17,0,0,0,0,0,0,0,0,0,0,0,0,0,0,0,0,0,0,0,0,0,0,0,0,0,0,0,0,0
713,2024,"Rajasthan",8,"Jodhpur",107,"Jodhpur West",0,0,0,0,0,1,0,0,3,4,17,0,0,0,0,0,0,0,0,0,0,2,0,0,0,0,0,0,0,0,0,0,0,0,0,20,4,0,0,0,0,3,0,32,0,0,0,0,0
714,2024,"Rajasthan",8,"Karauli",108,"Karauli",0,0,0,0,0,1,0,0,0,5,0,0,0,0,0,0,0,0,0,0,0,0,0,0,0,0,0,0,0,0,0,0,0,0,0,23,0,0,0,0,0,0,0,0,0,0,0,0,0
715,2024,"Rajasthan",8,"Kekri",781,"Kekri",0,0,0,0,0,0,0,0,0,1,0,0,0,0,0,0,0,0,0,1,0,0,0,0,0,0,0,0,0,0,0,0,0,0,0,1,0,0,0,0,0,0,0,0,0,0,0,0,0
716,2024,"Rajasthan",8,"Khairthal-Tijara",770,"Bhiwadi",0,0,0,0,0,0,1,0,0,1,1,0,0,0,0,0,0,0,0,0,0,0,0,0,0,0,0,0,0,0,0,0,0,0,0,0,0,0,0,0,0,0,0,0,0,0,0,0,0
717,2024,"Rajasthan",8,"Khairthal-Tijara",770,"Khairtal-Tijara",0,0,0,0,0,0,0,0,1,1,0,0,0,0,0,0,0,0,0,0,0,0,0,0,0,0,0,0,0,0,0,0,0,0,0,0,0,0,0,0,0,0,0,0,0,0,0,0,0
718,2024,"Rajasthan",8,"Kota",109,"Kota City",0,0,1,0,0,1,0,0,0,0,0,0,5,1,0,0,0,0,0,0,0,3,0,0,0,0,0,0,0,0,0,0,0,0,44,1,2,0,0,0,0,0,1,17,0,0,0,0,2
719,2024,"Rajasthan",8,"Kota",109,"Kota Rural",0,0,0,0,0,0,0,0,3,0,0,0,0,0,0,0,0,0,0,0,0,0,0,0,0,0,0,0,0,0,0,0,0,0,0,0,0,0,0,0,0,0,0,0,0,0,0,0,0
720,2024,"Rajasthan",8,"Kotputli-Behror",782,"Kotputli-Behror",0,0,0,0,1,0,0,0,0,4,3,0,1,0,0,0,0,0,0,7,0,1,0,0,0,0,0,0,0,0,0,0,0,0,0,0,0,0,0,0,0,1,0,3,0,0,0,0,0
721,2024,"Rajasthan",8,"Nagaur",110,"Nagaur",0,0,0,1,2,1,1,0,2,4,10,0,0,0,0,0,0,0,0,0,0,0,0,0,0,0,0,0,0,0,0,0,0,0,0,0,0,0,0,0,0,0,0,0,0,0,0,0,0
722,2024,"Rajasthan",8,"Neem Ka Thana",773,"Neem Ka Thana",0,0,0,0,0,4,0,0,0,0,0,0,0,0,0,0,0,0,0,0,0,0,0,0,0,0,0,0,0,0,0,0,0,0,0,0,0,0,0,0,0,0,0,30,0,0,0,0,0
723,2024,"Rajasthan",8,"Pali",111,"Pali",0,0,0,0,0,0,0,0,0,12,1,0,0,0,0,0,0,0,0,0,0,0,5,0,0,0,0,0,0,0,0,0,0,0,0,6,0,0,0,0,0,0,0,0,0,0,0,0,0
724,2024,"Rajasthan",8,"Phalodi",772,"Phalodi",0,0,0,0,0,0,0,0,0,10,0,0,0,0,0,0,0,0,0,0,0,0,0,0,0,0,0,0,0,0,0,0,0,0,0,0,0,0,0,0,0,0,0,0,0,0,0,0,0
725,2024,"Rajasthan",8,"Pratapgarh",629,"Pratapgarh",0,0,0,0,0,0,0,0,0,1,0,0,0,0,0,0,0,0,0,3,0,0,0,0,0,0,0,0,0,0,0,0,0,0,0,0,0,0,0,0,0,0,0,0,0,0,0,0,0
726,2024,"Rajasthan",8,"Rajsamand",112,"Rajsamand",0,0,0,0,1,0,0,0,0,2,0,0,3,0,0,0,0,0,0,0,0,0,0,0,0,0,0,0,0,0,0,0,0,0,0,0,0,0,0,0,0,0,0,0,0,0,0,0,0
727,2024,"Rajasthan",8,"Salumbar",777,"Salumbar",0,0,0,0,0,0,0,0,2,0,0,0,0,0,0,0,0,0,0,0,0,0,0,0,0,0,0,0,0,0,0,0,0,0,0,0,0,0,0,0,0,0,0,0,0,0,0,0,0
728,2024,"Rajasthan",8,"Sanchore",779,"Sanchore",0,0,0,0,0,0,0,0,0,0,0,0,0,0,0,0,0,0,0,6,0,0,0,0,0,0,0,0,0,0,0,0,0,0,0,0,0,0,0,0,0,0,0,0,0,0,0,0,0
729,2024,"Rajasthan",8,"Sawai Madhopur",113,"Sawai Madhopur",0,0,0,0,0,0,0,0,0,0,0,0,0,0,0,0,0,0,0,2,0,8,0,0,0,0,0,0,0,0,0,0,0,0,0,13,2,0,0,0,0,0,0,62,0,0,0,0,0
730,2024,"Rajasthan",8,"Shahpura",780,"Shahpura",0,0,0,0,0,0,0,0,0,0,0,0,4,0,0,0,0,0,0,0,0,2,0,0,0,0,0,0,0,0,0,0,0,0,0,2,0,0,0,1,0,2,0,8,0,0,0,0,0
731,2024,"Rajasthan",8,"Sikar",114,"Sikar",0,0,0,0,2,1,0,0,8,0,0,0,0,0,0,0,0,0,0,0,0,3,0,0,0,0,0,0,0,0,0,0,0,0,0,15,0,0,3,0,0,14,0,10,0,0,0,0,0
732,2024,"Rajasthan",8,"Sirohi",115,"Sirohi",0,0,0,0,0,0,0,0,0,0,5,0,0,0,0,0,0,0,0,3,0,4,1,0,0,0,0,0,0,1,0,0,0,0,0,1,0,0,0,0,0,0,0,4,0,0,0,0,0
733,2024,"Rajasthan",8,"Tonk",116,"Tonk",0,0,0,0,0,3,0,0,0,3,0,0,0,0,0,0,0,0,0,0,0,0,0,0,0,0,0,0,0,0,0,0,0,0,0,0,0,0,0,0,0,0,0,0,0,0,0,0,0
734,2024,"Rajasthan",8,"Udaipur",117,"Udaipur",0,0,0,0,0,1,0,0,1,0,1,0,0,0,0,0,0,0,0,0,0,0,0,5,0,0,0,0,0,0,0,0,0,0,0,53,0,0,0,0,0,0,0,0,0,0,0,0,0
735,2024,"Sikkim",11,"Gangtok",225,"Cid",0,0,0,0,0,0,0,0,0,0,0,0,0,0,0,0,0,0,0,0,0,0,0,0,0,0,0,0,0,0,0,0,0,0,0,0,0,0,0,0,0,0,0,0,0,0,0,0,0
736,2024,"Sikkim",11,"Gangtok",225,"Gangtok (East)",0,0,0,0,0,12,0,0,0,3,0,0,0,0,0,0,0,0,0,0,0,0,0,0,0,0,0,0,0,0,0,0,0,0,0,0,0,0,0,0,0,0,0,0,0,0,0,0,0
737,2024,"Sikkim",11,"Gyalshing",228,"Gyalshing (West)",0,0,0,0,0,0,0,0,0,0,0,0,0,0,0,0,0,0,0,0,0,0,0,0,0,0,0,0,0,0,0,0,0,0,0,0,0,0,0,0,0,0,0,0,0,0,0,0,0
738,2024,"Sikkim",11,"Mangan",226,"Mangan (North)",0,0,0,0,0,0,0,0,0,0,0,0,0,0,0,0,0,0,0,0,0,0,0,0,0,0,0,0,0,0,0,0,0,0,0,0,0,0,0,0,0,0,0,0,0,0,0,0,0
739,2024,"Sikkim",11,"Namchi",227,"Namchi (South)",0,0,0,0,0,0,0,0,0,0,0,0,0,0,0,0,0,0,0,0,0,0,0,0,0,0,0,0,0,0,0,0,0,0,0,0,0,0,0,0,0,0,0,0,0,0,0,0,0
740,2024,"Sikkim",11,"Pakyong",741,"Pakyong (East)",0,0,0,0,0,0,0,0,0,0,0,0,0,0,0,0,0,0,0,0,0,0,0,0,0,0,0,0,0,0,0,0,0,0,0,0,0,0,0,0,0,0,0,0,0,0,0,0,0
741,2024,"Sikkim",11,"Soreng",742,"Soreng (West)",0,0,0,0,0,0,0,0,0,0,0,0,0,0,0,0,0,0,0,0,0,0,0,0,0,0,0,0,0,0,0,0,0,0,0,0,0,0,0,0,0,0,0,0,0,0,0,0,0
742,2024,"Tamil Nadu",33,"Ariyalur",610,"Ariyalur",0,0,0,0,0,1,0,0,0,3,0,0,0,0,0,0,0,0,0,0,0,1,0,0,0,0,0,0,0,0,0,0,0,0,0,14,0,0,0,0,0,0,2,5,0,0,0,0,6
743,2024,"Tamil Nadu",33,"Chengalpattu",730,"Chengalpattu",1,0,0,0,8,129,1,0,0,0,0,0,0,0,0,0,0,0,0,0,0,0,0,0,0,0,0,0,0,0,0,0,0,0,0,0,0,0,0,0,0,0,0,0,0,0,0,0,0
744,2024,"Tamil Nadu",33,"Chengalpattu",730,"Tambaram",0,0,0,0,0,0,0,0,0,0,0,0,0,0,0,0,0,0,0,0,0,0,0,0,0,0,0,0,0,0,0,0,0,0,0,101,13,0,0,0,0,0,0,0,0,0,0,0,0
745,2024,"Tamil Nadu",33,"Chennai",568,"Chennai",0,2,9,0,5,11,2,0,11,6,0,0,0,0,0,0,0,0,0,2,1,12,1,0,0,0,142,5,0,57,38,317,7,37,14,1090,5,0,1,0,0,14,21,50,0,0,0,0,22
746,2024,"Tamil Nadu",33,"Chennai",568,"Cyber Cell",0,0,0,0,0,0,0,0,0,0,0,0,0,0,0,0,0,0,0,0,0,0,0,0,0,0,0,0,0,0,0,0,0,0,0,0,1,0,0,0,0,0,0,0,0,0,0,0,1
747,2024,"Tamil Nadu",33,"Chennai",568,"Other Units",0,0,1,0,1,0,0,0,0,0,2,0,0,1,0,0,0,0,0,0,0,0,0,0,0,1,0,0,0,0,0,0,0,0,7,80,1,0,2,0,0,0,2,1,0,0,0,0,0
748,2024,"Tamil Nadu",33,"Chennai",568,"Railway Chennai",0,0,0,0,0,0,0,0,0,0,0,0,0,0,0,0,0,0,0,0,0,0,0,0,0,0,0,0,0,0,0,0,0,0,0,0,0,0,0,0,0,0,0,0,0,0,0,0,0
749,2024,"Tamil Nadu",33,"Coimbatore",569,"Coimbatore",0,0,0,0,0,147,0,0,5,2,1,0,0,0,0,0,0,0,0,0,0,0,0,0,0,0,0,0,0,0,0,0,0,0,0,0,0,0,0,0,0,0,0,0,0,0,0,0,0
750,2024,"Tamil Nadu",33,"Coimbatore",569,"Coimbatore City",0,0,2,0,0,1,0,0,0,0,0,0,0,0,0,0,0,0,0,0,0,4,0,0,0,0,0,0,0,0,0,0,0,0,0,276,0,0,0,0,0,1,0,10,0,0,0,0,6
751,2024,"Tamil Nadu",33,"Cuddalore",570,"Cuddalore",0,0,0,0,0,205,0,0,0,0,0,0,3,0,0,0,0,0,0,0,0,0,0,0,0,0,0,0,0,0,0,0,0,0,0,0,0,0,0,0,0,0,0,0,0,0,0,0,0
752,2024,"Tamil Nadu",33,"Dharmapuri",571,"Dharmapuri",0,0,0,0,0,34,0,0,1,1,0,0,0,0,0,0,0,0,0,1,0,0,0,0,0,0,0,0,0,0,0,0,0,0,0,0,0,0,0,0,0,0,0,0,0,0,0,0,0
753,2024,"Tamil Nadu",33,"Dindigul",572,"Dindigul",0,0,0,0,4,58,0,0,0,0,0,0,0,0,0,0,0,0,0,0,0,0,0,0,0,0,0,0,0,0,0,0,0,0,0,0,0,0,0,0,0,0,0,0,0,0,0,0,0
754,2024,"Tamil Nadu",33,"Erode",573,"Erode",0,0,0,0,1,56,0,0,2,0,1,0,0,0,0,0,0,0,0,0,0,0,0,0,0,0,0,0,0,0,0,0,0,0,0,0,0,0,0,0,0,0,0,0,0,0,0,0,0
755,2024,"Tamil Nadu",33,"Kallakurichi",729,"Kallakurichi",0,0,0,0,6,58,0,0,0,0,0,0,0,0,0,0,0,0,0,0,0,0,0,0,0,0,0,0,0,0,0,0,0,0,0,0,0,0,0,0,0,0,0,0,0,0,0,0,0
756,2024,"Tamil Nadu",33,"Kancheepuram",574,"Kanchipuram",0,0,0,0,0,80,1,0,2,1,1,0,0,0,0,0,0,0,0,0,0,0,0,0,0,0,0,0,0,0,0,0,0,0,0,0,0,0,0,0,0,0,1,0,0,0,0,0,0
757,2024,"Tamil Nadu",33,"Kanniyakumari",575,"Kanyakumari",0,0,0,0,1,50,0,0,0,8,0,0,0,0,0,1,0,0,0,0,0,0,0,0,0,0,0,0,0,0,0,0,0,0,0,0,0,0,0,0,0,0,2,0,0,0,0,0,0
758,2024,"Tamil Nadu",33,"Karur",576,"Karur",0,0,1,0,2,20,0,0,2,0,0,0,0,0,0,0,0,0,0,0,0,0,0,0,0,0,0,0,0,0,0,0,0,0,0,0,0,0,0,0,0,0,0,0,0,0,0,0,0
759,2024,"Tamil Nadu",33,"Krishnagiri",577,"Krishnagiri",0,0,0,0,1,132,0,0,1,0,0,0,0,0,0,0,0,0,0,0,0,2,0,0,0,0,0,0,0,0,0,0,0,0,0,0,0,0,0,0,0,0,1,3,0,0,0,0,0
760,2024,"Tamil Nadu",33,"Madurai",578,"Madurai",1,0,0,0,4,93,0,0,2,2,3,0,0,0,0,0,0,0,0,4,0,0,0,0,0,0,0,0,0,0,0,0,0,0,0,0,0,0,0,0,0,0,0,0,0,0,0,0,0
761,2024,"Tamil Nadu",33,"Madurai",578,"Madurai City",0,0,0,0,0,80,0,0,0,5,0,0,0,0,0,0,0,0,0,0,0,0,0,0,0,0,0,0,0,0,0,0,0,0,0,0,0,0,0,0,0,0,6,0,0,0,0,0,0
762,2024,"Tamil Nadu",33,"Mayiladuthurai",735,"Mayiladuthurai",0,0,0,0,0,0,0,0,7,0,0,0,0,0,0,0,0,0,0,0,0,0,0,0,0,0,0,0,0,0,0,0,0,0,0,9,0,0,0,0,0,0,0,0,0,0,0,0,0
763,2024,"Tamil Nadu",33,"Nagapattinam",579,"Nagapattinam",1,0,0,0,0,6,0,0,1,1,0,0,0,0,0,0,0,0,0,0,0,0,0,0,0,0,0,0,0,0,0,0,0,0,0,0,0,0,0,0,0,0,0,0,0,0,0,0,0
764,2024,"Tamil Nadu",33,"Namakkal",580,"Namakkal",0,0,0,0,2,51,1,0,1,0,0,0,0,0,0,0,0,0,0,0,0,0,0,0,0,0,0,0,0,0,0,0,0,0,0,0,0,0,0,0,0,0,0,0,0,0,0,0,0
765,2024,"Tamil Nadu",33,"Perambalur",581,"Perambalur",0,0,0,0,0,10,1,0,2,3,0,0,0,0,0,0,0,0,0,0,0,0,0,0,0,0,0,0,0,0,0,0,0,0,0,0,0,0,0,0,0,0,0,0,0,0,0,0,0
766,2024,"Tamil Nadu",33,"Pudukkottai",582,"Pudukottai",0,0,0,0,0,24,0,0,0,0,0,0,0,0,0,0,0,0,0,0,0,0,0,0,0,0,0,0,0,0,0,0,0,0,0,0,0,0,0,0,0,0,0,0,0,0,0,0,0
767,2024,"Tamil Nadu",33,"Ramanathapuram",583,"Ramnathapuram",0,0,0,0,0,17,0,0,0,0,0,0,2,0,0,0,0,0,0,0,0,0,0,0,0,0,0,0,0,0,0,0,0,0,0,0,0,0,0,0,0,0,0,4,0,0,0,0,0
768,2024,"Tamil Nadu",33,"Ranipet",731,"Ranipet",0,0,0,0,0,47,0,0,0,0,0,0,1,0,0,0,0,0,0,0,0,0,0,0,0,0,0,0,0,0,0,0,0,0,0,0,0,0,0,0,0,0,0,0,0,0,0,0,0
769,2024,"Tamil Nadu",33,"Salem",584,"Salem",0,0,0,0,0,0,0,0,0,0,0,0,59,0,0,0,0,0,0,0,0,0,0,0,0,0,0,0,0,0,0,0,0,0,0,0,0,0,0,0,0,0,0,0,0,0,0,0,0
770,2024,"Tamil Nadu",33,"Salem",584,"Salem City",0,0,0,0,0,42,0,0,0,0,0,0,0,0,0,0,0,0,0,0,0,0,0,0,0,0,0,0,0,0,0,0,0,0,0,0,0,0,0,0,0,0,5,0,0,0,0,0,0
771,2024,"Tamil Nadu",33,"Sivaganga",585,"Sivagangai",0,0,0,0,1,37,1,0,7,0,1,0,0,0,0,0,0,0,0,0,0,0,0,0,0,0,0,0,0,0,0,0,0,0,0,0,0,0,0,0,0,4,1,0,0,0,0,0,0
772,2024,"Tamil Nadu",33,"Tenkasi",733,"Tenkasi",0,0,0,0,0,0,0,0,5,2,0,0,1,0,0,0,0,0,0,0,0,1,0,0,0,0,0,0,0,0,0,0,0,0,0,35,0,0,0,0,0,1,4,2,0,0,0,0,0
773,2024,"Tamil Nadu",33,"Thanjavur",586,"Thanjavur",0,0,0,0,0,57,4,0,2,3,0,0,0,0,0,0,0,0,0,0,0,0,0,0,0,0,0,0,0,0,0,0,0,0,0,0,0,0,0,0,0,0,0,0,0,0,0,0,0
774,2024,"Tamil Nadu",33,"The Nilgiris",587,"Nilgiris",0,0,0,0,0,49,0,0,0,2,0,0,0,0,0,0,0,0,0,0,0,0,0,0,0,0,0,0,0,0,0,0,0,0,0,0,0,0,0,0,0,0,0,0,0,0,0,0,0
775,2024,"Tamil Nadu",33,"Theni",588,"Theni",0,0,0,0,0,0,0,0,1,1,0,0,0,0,0,0,0,0,0,0,0,8,0,0,0,0,0,0,3,4,1,23,0,0,0,11,0,0,0,0,0,0,4,0,0,0,0,0,0
776,2024,"Tamil Nadu",33,"Thiruvallur",589,"Avadi",0,0,0,0,1,2,0,0,2,2,2,0,0,0,0,0,0,0,0,0,0,2,0,0,0,0,0,0,0,0,0,0,0,0,0,654,3,0,0,0,0,0,0,0,0,0,0,0,0
777,2024,"Tamil Nadu",33,"Thiruvallur",589,"Thiruvallur",0,0,0,0,0,34,0,0,0,2,0,0,3,0,0,0,0,0,0,0,0,0,0,0,0,0,0,0,0,0,0,0,0,0,0,0,0,0,0,0,0,0,1,0,0,0,0,0,0
778,2024,"Tamil Nadu",33,"Thiruvarur",590,"Thiruvarur",0,0,0,0,0,28,0,0,17,0,0,0,0,0,0,0,0,0,0,0,0,0,0,0,0,0,0,0,0,0,0,0,0,0,0,0,0,0,0,0,0,0,0,0,0,0,0,0,0
779,2024,"Tamil Nadu",33,"Thoothukkudi",594,"Thoothukudi",0,0,0,0,1,88,2,0,12,3,0,0,0,0,0,0,0,0,0,0,0,0,0,0,0,0,0,0,0,0,0,0,0,0,0,0,0,0,0,0,0,0,0,0,0,0,0,0,0
780,2024,"Tamil Nadu",33,"Tiruchirappalli",591,"Railway Trichy",0,0,0,0,0,0,0,0,0,0,0,0,0,0,0,0,0,0,0,0,0,0,0,0,0,0,0,0,0,0,0,0,0,0,0,0,0,0,0,0,0,0,0,0,0,0,0,0,0
781,2024,"Tamil Nadu",33,"Tiruchirappalli",591,"Trichy",0,0,0,0,0,4,0,0,0,1,0,0,0,0,0,0,0,0,0,0,0,0,0,0,0,0,0,0,3,6,0,0,0,0,0,19,0,5,8,0,0,0,5,0,0,0,0,0,0
782,2024,"Tamil Nadu",33,"Tiruchirappalli",591,"Trichy City",2,0,11,0,1,37,0,0,2,1,0,0,0,0,0,0,0,0,0,1,0,1,0,0,0,0,0,0,0,0,0,0,0,0,0,0,4,0,0,0,0,0,0,5,0,0,0,0,0
783,2024,"Tamil Nadu",33,"Tirunelveli",592,"Thirunelveli",0,0,0,0,0,40,0,0,7,3,2,0,0,0,0,0,0,0,0,0,0,0,0,0,0,0,0,0,0,0,0,0,0,0,0,0,0,0,0,0,0,0,0,0,0,0,0,0,0
784,2024,"Tamil Nadu",33,"Tirunelveli",592,"Thirunelveli City",0,0,0,0,0,0,0,0,0,1,0,0,0,0,0,0,0,0,0,0,0,2,0,0,0,0,0,0,0,0,0,20,0,0,0,26,0,0,0,0,0,0,0,0,0,0,0,0,1
785,2024,"Tamil Nadu",33,"Tirupathur",732,"Tiruppattur",0,0,0,0,0,0,0,0,0,0,0,0,0,0,0,0,0,0,0,0,0,0,0,0,0,0,0,0,0,0,0,0,0,0,0,24,0,0,0,0,0,0,1,2,0,0,0,0,0
786,2024,"Tamil Nadu",33,"Tiruppur",634,"Tiruppur",0,0,0,0,1,59,0,0,2,0,1,0,0,0,0,0,0,0,0,0,0,1,0,0,0,0,0,0,0,0,0,0,0,0,0,0,0,0,0,0,0,0,1,0,0,0,0,0,0
787,2024,"Tamil Nadu",33,"Tiruppur",634,"Tiruppur City",0,0,0,0,1,75,0,0,1,0,0,0,0,0,0,0,0,0,0,0,0,0,0,0,0,0,0,0,0,0,0,0,0,0,0,0,0,0,0,0,0,0,2,4,0,0,0,0,0
788,2024,"Tamil Nadu",33,"Tiruvannamalai",593,"Thiruvannamalai",0,0,0,0,0,0,0,0,0,0,0,0,0,0,0,0,0,0,0,0,0,0,0,0,0,0,0,0,0,0,0,0,0,0,0,72,0,0,0,0,0,0,0,0,0,0,0,0,0
789,2024,"Tamil Nadu",33,"Vellore",595,"Vellore",0,0,0,0,0,90,0,0,0,0,0,0,0,0,0,0,0,0,0,0,0,0,0,0,0,0,0,0,0,0,0,0,0,0,0,0,0,0,0,0,0,0,0,0,0,0,0,0,0
790,2024,"Tamil Nadu",33,"Viluppuram",596,"Villupuram",0,0,0,0,1,90,0,0,0,0,0,0,2,0,0,0,0,0,0,0,0,0,0,0,0,0,0,0,0,0,0,0,0,0,0,0,0,0,0,0,0,0,0,0,0,0,0,0,0
791,2024,"Tamil Nadu",33,"Virudhunagar",597,"Virudhunagar",0,0,0,1,3,29,0,0,9,2,1,0,1,0,0,0,0,0,0,0,0,0,0,0,0,0,0,0,0,0,0,0,0,0,0,0,0,0,0,0,0,0,0,0,0,0,0,0,0
792,2024,"Telangana",36,"Adilabad",501,"Adilabad",0,0,0,0,0,0,0,0,0,0,0,0,0,0,0,0,0,0,0,0,0,3,0,0,0,0,0,0,0,0,0,0,0,0,0,90,0,0,0,0,0,0,0,12,0,0,0,0,3
793,2024,"Telangana",36,"Bhadradri Kothagudem",690,"Bhadradri Kothagudem",0,0,0,0,0,0,0,0,0,0,0,0,0,0,0,0,0,0,0,0,0,10,0,0,0,0,30,35,0,0,0,0,0,0,170,0,0,0,0,0,0,0,0,8,0,0,0,0,0
794,2024,"Telangana",36,"Hyderabad",507,"Cyberabad Commissionerate",0,1,12,3,3,2,0,0,4,4,3,0,0,0,0,2,0,0,0,0,0,49,0,0,0,12,1643,152,13,474,944,2264,839,276,4166,2415,5,0,7,0,0,36,0,97,0,0,0,0,0
795,2024,"Telangana",36,"Hyderabad",507,"Hyderabad Commissionerate",0,12,0,1,34,6,1,0,2,3,1,0,1,0,0,0,0,0,0,0,0,88,0,0,0,0,366,235,547,58,2,0,86,0,592,1639,27,11,9,0,0,172,66,46,0,0,2,0,2
796,2024,"Telangana",36,"Hyderabad",507,"Railway Police Secunderabad",0,0,0,0,0,0,0,0,0,0,0,0,0,0,0,0,0,0,0,0,0,0,0,0,0,0,0,0,0,0,0,0,0,0,0,0,0,0,0,0,0,0,0,0,0,0,0,0,0
797,2024,"Telangana",36,"Jagitial",681,"Jagityal",0,0,0,0,0,0,0,0,0,0,0,0,0,0,0,0,0,0,0,0,0,56,0,0,0,0,0,0,0,0,0,0,0,0,44,0,0,0,0,0,0,0,19,78,0,0,0,0,0
798,2024,"Telangana",36,"Jayashankar Bhupalapally",687,"Jayashankar Bhupalpalli",0,0,0,0,0,0,0,0,0,0,0,0,0,0,0,0,0,0,0,0,0,0,0,0,0,0,0,0,0,0,0,0,0,0,0,89,0,0,0,0,0,0,0,0,0,0,0,0,0
799,2024,"Telangana",36,"Jogulamba Gadwal",695,"Jogulamba Gadwal",0,0,0,0,0,0,0,0,0,0,0,0,0,0,0,0,0,0,0,0,0,0,0,0,0,0,0,0,0,0,0,0,0,0,70,0,0,0,0,0,0,0,0,0,0,0,0,0,0
800,2024,"Telangana",36,"Kamareddy",685,"Kamareddy",0,0,0,0,1,0,0,0,0,0,0,0,0,0,0,0,0,0,0,0,0,2,0,0,0,0,0,0,0,0,0,0,0,0,205,0,0,0,0,0,0,0,0,0,0,0,0,0,0
801,2024,"Telangana",36,"Karimnagar",508,"Karimnagar Commissionerate",0,0,0,0,0,0,2,0,0,0,0,0,5,0,0,0,0,0,0,0,0,12,0,0,0,0,2,0,0,8,0,0,0,0,0,301,9,0,0,0,0,0,1,0,0,0,0,0,0
802,2024,"Telangana",36,"Khammam",509,"Khammam Commissionerate",0,0,0,0,0,0,0,0,0,0,0,0,0,0,0,0,0,0,0,0,0,5,0,0,0,0,42,7,8,22,0,0,0,0,264,0,0,0,0,0,0,0,0,1,0,0,0,0,0
803,2024,"Telangana",36,"Kumuram Bheem Asifabad",699,"Kumaram Bheem Asifabad",0,0,0,0,0,0,0,0,0,0,0,0,0,0,0,0,0,0,0,0,0,3,0,0,0,0,0,0,0,0,0,0,0,0,0,33,0,0,0,0,0,2,0,2,0,0,0,0,0
804,2024,"Telangana",36,"Mahabubabad",688,"Mahabubabad",0,0,0,0,0,0,0,0,0,0,0,0,0,0,0,0,0,0,0,0,0,0,0,0,0,0,12,10,44,0,0,0,0,0,39,0,0,0,0,0,0,0,0,0,0,0,0,0,0
805,2024,"Telangana",36,"Mahabubnagar",512,"Mahabubnagar",0,0,0,0,0,0,0,0,0,0,0,0,0,0,0,0,0,0,0,0,0,10,1,0,0,0,0,0,0,0,0,0,0,0,0,0,0,0,0,0,0,0,2,112,0,0,0,0,0
806,2024,"Telangana",36,"Medak",513,"Medak",0,0,0,0,0,0,0,0,0,0,0,0,0,0,0,0,0,0,0,0,0,0,0,0,0,0,0,24,43,16,0,0,0,0,22,0,0,0,0,0,0,0,0,0,0,0,0,0,0
807,2024,"Telangana",36,"Mulugu",720,"Mulug",0,0,0,0,0,0,0,0,0,0,0,0,0,0,0,0,0,0,0,0,0,2,0,0,0,1,0,0,0,0,0,0,0,0,0,35,0,0,0,0,0,0,0,0,0,0,0,0,0
808,2024,"Telangana",36,"Nagarkurnool",694,"Nagarkurnool",0,0,0,0,0,2,0,0,0,0,0,0,0,0,0,0,0,0,0,0,0,1,0,0,0,0,2,0,0,0,0,0,0,0,104,0,0,0,0,0,0,0,0,4,0,0,0,0,0
809,2024,"Telangana",36,"Nalgonda",514,"Nalgonda",0,0,0,0,4,0,0,0,0,0,0,0,0,0,0,0,0,0,0,0,0,8,0,0,0,0,0,0,0,0,0,0,0,0,0,191,0,0,0,0,0,2,0,4,0,0,0,0,0
810,2024,"Telangana",36,"Narayanpet",721,"Narayanpet",0,0,0,0,0,0,0,0,0,0,0,0,0,0,0,0,0,0,0,0,0,1,0,0,0,0,0,0,0,0,0,0,0,0,1,22,0,0,0,0,0,0,0,1,0,0,0,0,0
811,2024,"Telangana",36,"Nirmal",680,"Nirmal",0,0,0,0,0,0,0,0,0,0,0,0,0,0,0,0,0,0,0,0,0,1,0,0,0,0,0,0,0,0,0,0,0,0,0,25,0,0,0,0,0,4,17,1,0,0,0,0,0
812,2024,"Telangana",36,"Nizamabad",516,"Nizamabad Commissionerate",0,0,0,0,1,0,0,0,0,1,1,0,0,0,0,0,0,0,0,0,0,5,0,0,0,1,2,0,0,4,0,0,0,0,381,0,0,0,0,0,0,0,2,0,4,0,0,0,0
813,2024,"Telangana",36,"Peddapalli",682,"Ramagundam Commissionerate",0,0,0,0,0,0,2,0,0,1,2,0,1,0,0,0,0,0,0,0,0,7,0,0,0,0,0,0,0,0,0,0,0,0,0,286,0,0,0,0,0,4,6,5,0,0,0,0,0
814,2024,"Telangana",36,"Rajanna Sircilla",683,"Rajanna Siricilla",0,0,0,0,0,3,0,0,0,0,2,0,0,0,0,0,0,0,0,0,0,1,0,0,0,0,0,0,0,0,0,0,0,0,71,0,0,0,0,0,0,0,0,3,0,0,0,0,0
815,2024,"Telangana",36,"Sangareddy",691,"Sangareddy",0,0,0,0,15,0,2,0,0,1,0,0,3,0,0,0,0,0,0,0,0,18,0,0,0,0,0,6,0,0,0,0,0,0,61,786,0,0,0,0,0,0,0,0,0,0,0,0,0
816,2024,"Telangana",36,"Siddipet",692,"Siddipet Commissionerate",0,0,0,0,0,0,0,0,0,0,0,0,0,0,0,0,0,0,0,0,0,0,0,0,0,0,20,0,0,0,0,0,0,0,195,0,0,0,0,0,0,0,0,0,0,0,0,0,0
817,2024,"Telangana",36,"Suryapet",696,"Suryapet",0,0,0,0,0,0,0,0,0,0,0,0,0,0,0,0,0,0,0,0,0,4,0,0,0,0,0,0,0,0,0,0,0,0,214,0,0,0,0,0,0,0,0,0,0,0,0,0,0
818,2024,"Telangana",36,"Vikarabad",698,"Vikarabad",0,0,0,0,0,0,0,0,0,0,0,0,0,0,0,0,0,0,0,0,0,0,0,0,0,0,18,4,0,20,0,32,28,39,50,0,0,0,0,0,0,0,0,0,0,0,0,0,0
819,2024,"Telangana",36,"Wanaparthy",693,"Wanaparthy",0,0,0,0,0,0,0,0,0,0,0,0,0,0,0,0,0,0,0,0,0,0,0,0,0,0,0,0,0,0,0,0,0,0,27,0,0,0,0,0,0,0,0,0,0,0,0,0,0
820,2024,"Telangana",36,"Warangal",522,"Warangal Commissionerate",0,0,0,0,0,0,1,0,0,1,3,0,0,0,0,0,0,0,0,0,0,0,0,0,0,0,0,0,0,0,0,0,0,0,0,794,0,0,0,0,0,0,0,0,0,0,0,0,0
821,2024,"Telangana",36,"Yadadri Bhuvanagiri",697,"Rachakonda Commissionerate",0,0,0,0,0,10,0,0,0,0,0,0,0,0,0,0,0,0,0,32,0,12,0,0,0,0,601,382,1126,66,5,0,0,300,1389,0,0,0,0,0,0,0,26,286,0,0,0,0,0
822,2024,"The Dadra And Nagar Haveli And Daman And Diu",38,"Dadra And Nagar Haveli",465,"D&N Haveli",0,0,0,0,0,2,0,0,0,0,0,0,0,0,0,0,0,0,0,0,0,0,0,0,0,0,0,0,0,0,0,0,0,0,0,0,0,0,0,0,0,0,0,0,0,0,0,0,0
823,2024,"The Dadra And Nagar Haveli And Daman And Diu",38,"Daman",463,"Daman",0,0,0,0,0,1,0,0,0,1,0,0,0,0,0,0,0,0,0,0,0,0,0,0,0,0,0,0,0,0,0,0,0,0,0,0,0,0,0,0,0,0,0,1,0,0,0,0,0
824,2024,"The Dadra And Nagar Haveli And Daman And Diu",38,"Diu",464,"Diu",0,0,0,0,0,0,0,0,0,0,0,0,0,0,0,0,0,0,0,0,0,0,0,0,0,0,0,0,0,0,0,0,0,0,0,0,0,0,0,0,0,0,0,0,0,0,0,0,0
825,2024,"Tripura",16,"Dhalai",269,"Dhalai",0,0,0,0,0,0,1,0,0,0,0,0,0,0,0,0,0,0,0,0,0,0,0,0,0,0,0,0,0,0,0,0,0,0,0,0,0,0,0,0,0,0,0,0,0,0,0,0,0
826,2024,"Tripura",16,"Gomati",654,"Gomati",0,0,0,0,1,0,1,0,0,0,0,0,0,0,0,0,0,0,0,0,0,0,0,0,0,0,0,0,0,0,0,0,0,0,0,0,0,0,0,0,0,0,0,0,0,0,0,0,0
827,2024,"Tripura",16,"Khowai",652,"Kowai",0,0,0,0,0,1,0,0,0,1,0,0,0,0,0,0,0,0,0,0,0,0,0,0,0,0,0,0,0,0,0,0,0,0,0,0,0,0,0,0,0,0,0,0,0,0,0,0,0
828,2024,"Tripura",16,"North Tripura",270,"North",0,0,0,0,0,0,0,0,0,3,0,0,0,0,0,0,0,0,0,0,0,0,0,0,0,0,0,0,0,0,0,0,0,0,0,0,0,0,0,0,0,0,0,0,0,0,0,0,0
829,2024,"Tripura",16,"Sepahijala",653,"Sipahijala",0,0,1,0,0,1,0,0,0,0,0,0,0,0,0,0,0,0,0,0,0,0,0,0,0,0,0,0,0,0,0,0,0,0,0,0,0,0,0,0,0,0,0,0,0,0,0,0,0
830,2024,"Tripura",16,"South Tripura",271,"South",0,0,0,0,0,4,0,0,0,1,0,0,0,0,0,0,0,0,0,0,0,0,0,0,0,0,0,0,0,0,0,0,0,0,0,0,0,0,0,0,0,0,0,0,0,0,0,0,0
831,2024,"Tripura",16,"Unakoti",655,"Unakoti",0,0,0,0,1,0,0,0,1,0,0,0,0,0,0,0,0,0,0,0,0,0,0,0,0,0,0,0,0,0,0,0,0,0,0,0,0,0,0,0,0,0,0,0,0,0,0,0,0
832,2024,"Tripura",16,"West Tripura",272,"Crime Branch",0,0,0,0,0,0,0,0,0,0,0,0,0,0,0,0,0,0,0,0,0,0,0,0,0,0,0,0,0,0,0,0,0,0,0,0,0,0,0,0,0,0,0,0,0,0,0,0,0
833,2024,"Tripura",16,"West Tripura",272,"Grp",0,0,0,0,0,0,0,0,0,0,0,0,0,0,0,0,0,0,0,0,0,0,0,0,0,0,0,0,0,0,0,0,0,0,0,0,0,0,0,0,0,0,0,0,0,0,0,0,0
834,2024,"Tripura",16,"West Tripura",272,"West",0,0,5,0,2,4,0,0,0,5,0,0,0,0,0,0,0,0,0,0,0,0,0,0,0,0,0,0,0,0,0,0,0,0,0,0,0,0,0,0,0,0,0,0,0,0,0,0,0
835,2024,"Uttar Pradesh",9,"Agra",118,"Agra",0,0,0,0,13,55,0,0,0,220,0,0,0,0,0,0,0,0,0,0,0,0,0,0,0,0,0,0,0,0,0,0,0,0,0,0,0,0,0,0,0,0,0,0,0,0,0,0,0
836,2024,"Uttar Pradesh",9,"Aligarh",119,"Aligarh",0,0,97,0,0,0,0,0,0,68,0,0,0,0,0,0,0,0,0,0,0,0,0,0,0,0,0,0,0,0,0,0,0,0,0,0,0,0,0,0,0,0,0,0,0,0,0,0,0
837,2024,"Uttar Pradesh",9,"Ambedkar Nagar",121,"Ambedkar Nagar",0,0,0,0,20,18,0,0,0,0,0,0,28,0,0,0,0,0,0,0,0,0,0,0,0,0,0,0,0,0,0,0,0,0,0,0,0,0,0,0,0,0,0,0,0,0,0,0,0
838,2024,"Uttar Pradesh",9,"Amethi",640,"Amethi",0,0,19,0,0,0,0,0,0,0,0,0,0,0,0,0,0,0,0,0,0,0,0,0,0,0,0,0,0,4,0,0,0,0,0,15,0,0,0,0,0,0,0,0,0,0,0,0,0
839,2024,"Uttar Pradesh",9,"Amroha",154,"Amroha",0,0,0,0,1,30,3,0,57,0,0,0,0,0,0,0,0,0,0,0,0,0,0,0,0,0,0,0,0,0,0,0,0,0,0,0,0,0,0,0,0,0,0,0,0,0,0,0,0
840,2024,"Uttar Pradesh",9,"Auraiya",122,"Auraiya",0,0,0,5,0,32,0,0,0,13,0,0,0,0,0,0,0,0,0,7,0,0,0,0,0,0,0,0,0,0,0,0,0,0,0,0,0,0,0,0,0,0,0,0,0,0,0,0,0
841,2024,"Uttar Pradesh",9,"Ayodhya",140,"Ayodhya",0,0,0,0,12,15,0,0,15,13,0,0,7,0,0,0,0,0,0,0,0,0,0,0,0,0,0,0,0,0,0,0,0,0,0,0,0,0,0,0,0,0,0,0,0,0,0,0,0
842,2024,"Uttar Pradesh",9,"Azamgarh",123,"Azamgarh",0,0,0,0,86,117,2,0,0,0,8,0,1,0,0,0,0,0,0,0,0,9,2,0,0,0,1,0,0,0,0,0,0,0,0,0,1,1,31,0,0,52,0,0,0,0,0,0,0
843,2024,"Uttar Pradesh",9,"Baghpat",124,"Baghpat",0,0,0,0,0,108,0,0,31,2,1,0,0,0,0,0,0,0,0,0,0,0,0,0,0,0,0,0,0,0,0,0,0,0,0,0,0,0,0,0,0,0,0,0,0,0,0,0,0
844,2024,"Uttar Pradesh",9,"Bahraich",125,"Bahraich",0,0,22,1,1,27,1,0,20,8,0,0,0,0,0,0,0,0,0,0,0,0,0,0,0,0,0,0,0,0,0,0,0,0,0,0,0,0,0,0,0,0,0,0,0,0,0,0,0
845,2024,"Uttar Pradesh",9,"Ballia",126,"Ballia",0,0,0,8,7,59,3,1,37,7,0,0,0,0,0,0,0,0,0,0,0,0,0,0,0,0,0,0,0,0,0,0,0,0,0,0,0,0,0,0,0,0,0,0,0,0,0,0,0
846,2024,"Uttar Pradesh",9,"Balrampur",127,"Balrampur",0,0,0,1,0,0,3,0,0,4,1,0,3,0,0,1,0,0,0,4,0,3,0,0,0,0,0,0,0,0,0,1,0,5,0,15,2,0,0,0,0,0,3,0,0,0,0,0,0
847,2024,"Uttar Pradesh",9,"Banda",128,"Banda",0,0,11,0,8,23,4,0,46,6,12,0,0,0,0,1,0,0,0,0,0,0,0,0,0,0,0,0,0,0,0,0,0,0,0,0,0,0,0,0,0,0,0,0,0,0,0,0,0
848,2024,"Uttar Pradesh",9,"Bara Banki",129,"Barabanki",0,0,0,0,7,60,0,0,41,11,0,0,0,0,0,0,0,0,0,0,0,0,0,0,0,0,0,0,0,0,0,0,0,0,0,0,0,0,0,0,0,0,0,0,0,0,0,0,0
849,2024,"Uttar Pradesh",9,"Bareilly",130,"Bareilly",0,0,67,1,12,163,3,0,111,13,0,0,0,0,0,2,0,0,0,0,0,0,0,0,0,0,0,0,0,0,0,0,0,0,0,0,0,0,0,0,0,0,0,0,0,0,0,0,0
850,2024,"Uttar Pradesh",9,"Basti",131,"Basti",0,0,0,0,0,0,0,0,0,0,0,0,0,0,0,0,0,0,0,94,0,0,0,0,0,0,0,0,0,0,0,0,0,0,0,0,0,0,0,0,0,0,0,0,0,0,0,0,0
851,2024,"Uttar Pradesh",9,"Bhadohi",179,"Bhadohi",0,0,0,0,2,17,1,0,6,4,2,0,0,0,0,0,0,0,0,0,0,2,0,0,0,0,0,0,0,0,0,0,0,0,0,0,0,0,0,0,0,0,0,0,0,0,0,0,0
852,2024,"Uttar Pradesh",9,"Bijnor",132,"Bijnor",0,0,56,2,29,138,4,0,100,14,0,0,0,0,0,2,0,0,0,0,0,0,0,0,0,0,0,0,0,0,0,0,0,0,0,0,0,0,0,0,0,0,0,0,0,0,0,0,0
853,2024,"Uttar Pradesh",9,"Budaun",133,"Badaun",0,0,53,0,3,4,4,0,0,0,0,0,0,0,0,0,0,0,0,0,0,0,0,0,0,0,0,0,0,0,0,0,0,0,0,0,0,0,0,0,0,0,0,0,0,0,0,0,0
854,2024,"Uttar Pradesh",9,"Bulandshahr",134,"Bulandshahar",0,0,0,0,0,127,7,0,37,14,2,0,0,0,0,0,0,0,0,5,0,0,0,0,0,0,0,0,0,0,0,0,0,0,0,0,0,0,0,0,0,0,0,0,0,0,0,0,0
855,2024,"Uttar Pradesh",9,"Chandauli",135,"Chandoli",0,59,0,0,0,0,0,0,19,5,0,1,0,0,0,0,0,0,0,0,0,0,0,0,0,0,0,0,0,0,0,0,0,0,0,0,0,0,0,0,0,0,0,0,0,0,0,0,0
856,2024,"Uttar Pradesh",9,"Chitrakoot",136,"Chitrakoot",0,0,40,0,0,0,0,0,0,3,0,0,0,0,0,0,0,0,0,0,0,0,0,0,0,0,0,0,0,0,0,0,0,0,0,0,0,0,0,0,0,0,0,0,0,0,0,0,0
857,2024,"Uttar Pradesh",9,"Deoria",137,"Deoria",0,95,0,0,0,0,0,0,0,0,0,0,0,0,0,0,0,0,0,0,0,0,0,0,0,0,0,0,0,0,0,0,0,0,0,0,0,0,0,0,0,0,0,0,0,0,0,0,0
858,2024,"Uttar Pradesh",9,"Etah",138,"Etah",0,0,0,0,0,32,1,0,25,0,0,0,0,0,0,0,0,0,0,0,0,0,0,0,0,0,0,0,0,0,0,0,0,0,0,0,0,0,0,0,0,0,0,0,0,0,0,0,0
859,2024,"Uttar Pradesh",9,"Etawah",139,"Etawah",0,0,1,0,6,25,14,0,18,4,0,0,0,0,0,1,0,0,0,0,0,0,0,0,0,0,0,0,0,0,0,0,0,0,0,0,0,0,0,0,0,0,0,0,0,0,0,0,0
860,2024,"Uttar Pradesh",9,"Farrukhabad",141,"Fatehgarh",0,0,0,53,0,0,0,0,0,0,0,0,0,0,0,0,0,0,0,0,0,0,0,0,0,0,0,0,0,0,0,0,0,0,0,0,0,0,0,0,0,0,0,0,0,0,0,0,0
861,2024,"Uttar Pradesh",9,"Fatehpur",142,"Fatehpur",0,0,0,0,0,0,0,0,60,0,0,0,0,0,0,0,0,0,0,39,0,0,0,0,0,0,0,0,0,0,0,0,0,0,0,0,0,0,0,0,0,0,0,0,0,0,0,0,0
862,2024,"Uttar Pradesh",9,"Firozabad",143,"Firozabad",134,0,0,0,0,0,0,0,0,0,0,0,0,0,0,0,0,0,0,0,0,0,0,0,0,0,0,0,0,0,0,0,0,0,0,0,0,0,0,0,0,0,0,0,0,0,0,0,0
863,2024,"Uttar Pradesh",9,"Gautam Buddha Nagar",144,"Gautambudh Nagar",0,8,20,0,16,124,21,0,11,5,0,5,0,0,0,0,0,0,0,0,0,19,0,0,0,4,11,0,0,21,0,0,0,0,0,24,31,0,0,0,0,0,5,94,0,0,0,0,0
864,2024,"Uttar Pradesh",9,"Ghaziabad",145,"Ghaziabad",0,0,65,1,11,842,6,0,103,16,0,7,0,0,0,0,0,0,0,0,0,0,0,0,0,0,0,0,0,0,0,0,0,0,0,0,0,0,0,0,0,0,0,0,0,0,0,0,0
865,2024,"Uttar Pradesh",9,"Ghazipur",146,"Ghazipur",1,0,0,0,0,92,3,0,0,7,23,0,0,0,0,0,0,0,0,0,0,0,0,0,0,0,0,0,0,0,0,0,0,0,0,0,0,0,0,0,0,0,0,0,0,0,0,0,0
866,2024,"Uttar Pradesh",9,"Gonda",147,"Gonda",0,0,2,0,9,26,2,0,0,38,0,0,0,0,0,0,0,0,0,0,0,0,0,0,0,0,0,0,0,0,0,0,0,0,0,0,0,0,0,0,0,0,0,0,0,0,0,0,0
867,2024,"Uttar Pradesh",9,"Gorakhpur",148,"Gorakhpur",0,0,0,0,0,0,0,0,0,0,0,0,0,0,0,0,0,0,0,0,0,0,0,0,0,0,0,0,0,0,0,0,0,0,0,0,0,0,0,0,0,0,0,194,0,0,0,0,0
868,2024,"Uttar Pradesh",9,"Hamirpur",149,"Hamirpur",0,0,31,0,4,7,0,0,13,0,0,0,0,0,0,0,0,0,0,0,0,0,0,0,0,0,0,0,0,0,0,0,0,0,0,0,0,0,0,0,0,0,0,0,0,0,0,0,0
869,2024,"Uttar Pradesh",9,"Hapur",661,"Hapur",0,0,5,0,2,87,0,0,12,7,1,0,0,0,0,0,0,0,0,0,0,0,0,0,0,0,0,0,0,0,0,0,0,0,0,0,0,0,0,0,0,0,0,0,0,0,0,0,0
870,2024,"Uttar Pradesh",9,"Hardoi",150,"Hardoi",0,0,65,0,0,0,0,0,0,0,0,0,0,0,0,0,0,0,0,0,0,0,0,0,0,0,0,0,0,0,0,0,0,0,0,0,0,0,0,0,0,0,0,0,0,0,0,0,0
871,2024,"Uttar Pradesh",9,"Hathras",163,"Hathras",0,0,0,0,3,37,0,0,6,5,0,1,0,0,0,1,0,0,0,0,0,0,0,0,0,0,0,0,0,0,0,0,0,0,0,0,0,0,0,0,0,0,0,0,0,0,0,0,0
872,2024,"Uttar Pradesh",9,"Jalaun",151,"Jalaun",0,0,0,0,5,28,0,0,0,9,0,0,12,0,0,0,0,0,0,0,0,0,0,0,0,0,0,0,0,0,0,0,0,0,0,0,0,0,0,0,0,0,0,0,0,0,0,0,0
873,2024,"Uttar Pradesh",9,"Jaunpur",152,"Jaunpur",0,0,1,0,0,51,0,0,31,2,0,0,0,0,0,0,0,0,0,0,0,0,0,0,0,0,0,0,0,0,0,0,0,0,0,0,0,0,0,0,0,0,0,145,0,0,0,0,0
874,2024,"Uttar Pradesh",9,"Jhansi",153,"Jhansi",0,0,0,0,0,42,3,0,22,8,0,0,0,0,0,0,0,0,0,0,0,0,0,0,0,0,0,0,0,0,0,0,0,0,0,0,0,0,0,0,0,0,0,0,0,0,0,0,0
875,2024,"Uttar Pradesh",9,"Kannauj",155,"Kannauj",0,0,0,0,0,0,0,0,30,0,0,0,0,0,0,0,0,0,0,27,0,0,0,0,0,0,0,0,0,0,0,0,0,0,0,0,0,0,0,0,0,0,0,0,0,0,0,0,0
876,2024,"Uttar Pradesh",9,"Kanpur Dehat",156,"Kanpur Dehat",0,0,0,0,0,0,0,0,0,5,0,0,0,0,0,0,0,0,0,59,0,0,0,0,0,0,0,0,0,0,0,0,0,0,0,0,0,0,0,0,0,0,0,0,0,0,0,0,0
877,2024,"Uttar Pradesh",9,"Kanpur Nagar",157,"Kanpur Commissionarate",0,0,261,0,96,0,0,0,87,0,0,0,0,0,0,0,0,0,0,5,0,0,0,0,0,0,0,0,0,0,0,0,0,0,0,0,0,0,0,0,0,0,0,0,0,0,0,0,0
878,2024,"Uttar Pradesh",9,"Kasganj",633,"Kasganj",0,0,0,0,0,0,0,0,0,0,0,0,0,0,0,0,0,0,0,45,0,0,0,0,0,0,0,0,0,0,0,0,0,0,0,0,0,0,0,0,0,0,0,0,0,0,0,0,0
879,2024,"Uttar Pradesh",9,"Kaushambi",158,"Kaushambi",0,0,4,0,7,10,1,0,23,0,0,0,0,0,0,0,0,0,0,0,0,0,0,0,0,0,0,0,0,0,0,0,0,0,0,0,0,0,0,0,0,0,0,0,0,0,0,0,0
880,2024,"Uttar Pradesh",9,"Kheri",159,"Khiri",0,0,0,0,0,0,0,0,0,0,0,0,56,0,0,0,0,0,0,0,0,0,0,0,0,0,0,0,0,0,0,0,0,0,0,0,0,0,0,0,0,0,0,0,0,0,0,0,0
881,2024,"Uttar Pradesh",9,"Kushinagar",160,"Kushi Nagar",0,0,0,0,4,19,0,0,67,0,0,0,78,0,0,0,0,0,0,0,0,0,0,0,0,0,0,0,2,2,0,0,0,0,0,0,0,0,4,0,0,0,0,0,0,0,0,0,0
882,2024,"Uttar Pradesh",9,"Lalitpur",161,"Lalitpur",0,0,0,2,3,20,1,0,28,10,0,0,0,0,0,0,0,0,0,0,0,0,0,0,0,0,0,0,0,0,0,0,0,0,0,0,0,0,0,0,0,0,0,0,0,0,0,0,0
883,2024,"Uttar Pradesh",9,"Lucknow",162,"Grp",0,0,0,5,0,1,0,0,0,0,0,0,0,0,0,0,0,0,0,0,0,0,0,0,0,0,0,0,0,0,0,0,0,0,0,0,0,0,0,0,0,1,0,0,0,0,0,0,0
884,2024,"Uttar Pradesh",9,"Lucknow",162,"Lucknow Commissionarate",0,66,232,1,16,963,14,0,0,0,0,0,0,0,0,0,0,0,0,0,0,0,0,0,0,0,0,0,0,0,0,0,0,0,0,0,0,0,0,0,0,0,0,0,0,0,0,0,0
885,2024,"Uttar Pradesh",9,"Mahoba",165,"Mahoba",0,0,1,0,1,5,0,0,7,2,0,0,0,0,0,0,0,0,0,0,0,0,0,0,0,0,0,0,0,0,0,0,0,0,0,0,0,0,0,0,0,0,0,0,0,0,0,0,0
886,2024,"Uttar Pradesh",9,"Mahrajganj",164,"Maharajganj",0,0,0,0,3,24,4,0,28,17,0,0,0,0,0,0,0,0,0,0,0,0,0,0,0,0,0,0,0,0,0,0,0,0,0,0,0,0,0,0,0,0,0,0,0,0,0,0,0
887,2024,"Uttar Pradesh",9,"Mainpuri",166,"Mainpuri",0,0,2,0,3,8,1,0,16,7,0,0,0,0,0,0,0,0,0,0,0,0,0,0,0,0,0,0,0,0,0,0,0,0,0,0,0,0,0,0,0,9,0,0,0,0,0,0,0
888,2024,"Uttar Pradesh",9,"Mathura",167,"Mathura",0,0,142,0,0,0,0,0,0,0,0,0,0,0,0,0,0,0,0,0,0,0,0,0,0,0,0,0,0,0,0,0,0,0,0,0,0,0,0,0,0,0,0,0,0,0,0,0,0
889,2024,"Uttar Pradesh",9,"Mau",168,"Mau",0,0,0,0,0,3,0,0,7,0,0,0,0,0,0,0,0,0,0,0,0,1,0,0,0,0,0,0,0,0,0,0,0,0,1,44,0,0,2,0,0,0,0,28,0,0,0,0,0
890,2024,"Uttar Pradesh",9,"Meerut",169,"Meerut",0,0,0,0,0,0,0,0,214,0,0,0,0,0,0,0,0,0,0,0,0,0,0,0,0,0,0,0,0,0,0,0,0,0,0,17,0,0,0,0,0,0,0,0,0,0,0,0,0
891,2024,"Uttar Pradesh",9,"Mirzapur",170,"Mirzapur",0,0,0,0,0,40,0,0,0,19,0,0,9,0,0,0,0,0,0,10,0,0,0,0,0,0,0,0,0,0,0,0,0,0,0,0,0,0,0,0,0,0,0,0,0,0,0,0,0
892,2024,"Uttar Pradesh",9,"Moradabad",171,"Moradabad",0,0,0,0,0,12,1,0,6,5,0,0,0,0,0,0,0,0,0,0,0,0,0,0,0,0,0,0,0,0,0,0,0,0,0,0,0,0,0,0,0,0,0,0,0,0,0,0,0
893,2024,"Uttar Pradesh",9,"Muzaffarnagar",172,"Muzaffarnagar",0,0,36,0,7,63,6,0,24,1,0,0,0,0,0,0,0,0,0,0,0,0,0,0,0,0,0,0,0,0,0,0,0,0,0,0,0,0,0,0,0,0,0,0,0,0,0,0,0
894,2024,"Uttar Pradesh",9,"Pilibhit",173,"Pilibhit",0,5,0,0,2,19,3,0,35,1,0,0,0,0,0,0,0,0,0,0,0,0,0,0,0,0,0,0,0,0,0,0,0,0,0,0,0,0,0,0,0,0,0,0,0,0,0,0,0
895,2024,"Uttar Pradesh",9,"Pratapgarh",174,"Pratapgarh",0,0,0,0,1,30,3,0,57,0,0,0,0,0,0,0,0,0,0,0,0,0,0,0,0,0,0,0,0,0,0,0,0,0,0,0,0,0,0,0,0,0,0,0,0,0,0,0,0
896,2024,"Uttar Pradesh",9,"Prayagraj",120,"Prayagraj",0,0,385,0,0,0,0,0,166,0,0,0,0,0,0,0,0,0,0,0,0,0,0,0,0,0,0,0,0,0,0,0,0,0,0,0,0,0,0,0,0,0,0,0,0,0,0,0,0
897,2024,"Uttar Pradesh",9,"Rae Bareli",175,"Raibareilly",0,0,57,0,0,0,0,0,0,0,0,0,0,0,0,0,0,0,0,0,0,0,0,0,0,0,0,0,0,0,0,0,0,0,0,0,0,0,0,0,0,0,0,0,0,0,0,0,0
898,2024,"Uttar Pradesh",9,"Rampur",176,"Rampur",0,0,11,0,8,15,2,0,8,5,0,0,0,0,0,0,0,0,0,0,0,0,0,0,0,0,2,0,0,0,0,0,0,0,19,0,0,0,0,0,0,0,0,0,0,0,0,0,0
899,2024,"Uttar Pradesh",9,"Saharanpur",177,"Saharanpur",0,0,13,0,14,104,12,0,96,20,0,0,0,0,0,0,0,0,0,0,0,0,0,0,0,0,0,0,0,0,0,0,0,0,0,0,0,0,0,0,0,0,0,0,0,0,0,0,0
900,2024,"Uttar Pradesh",9,"Sambhal",659,"Sambhal",0,0,1,0,0,1,0,0,19,3,0,0,0,0,0,0,0,0,0,0,0,0,0,0,0,0,2,0,21,2,0,0,8,14,4,0,0,0,0,0,0,9,7,1,0,0,0,0,0
901,2024,"Uttar Pradesh",9,"Sant Kabir Nagar",178,"Sant Kabirnagar",0,0,6,0,2,10,0,0,28,0,0,0,0,0,0,0,0,0,0,0,0,0,0,0,0,0,0,0,0,0,0,0,0,0,0,0,0,0,0,0,0,0,0,0,0,0,0,0,0
902,2024,"Uttar Pradesh",9,"Shahjahanpur",180,"Shahjahanpur",0,0,5,0,5,32,0,0,3,3,0,0,35,0,0,0,0,0,0,0,0,0,0,0,0,0,0,0,0,0,0,0,0,0,0,0,0,0,0,0,0,0,0,0,0,0,0,0,0
903,2024,"Uttar Pradesh",9,"Shamli",660,"Shamli",0,0,2,0,5,50,4,0,18,1,0,0,0,0,0,0,0,0,0,0,0,0,0,0,0,0,0,0,0,0,0,0,0,0,0,0,0,0,0,0,0,0,0,0,0,0,0,0,0
904,2024,"Uttar Pradesh",9,"Shrawasti",181,"Shrawasti",0,0,1,0,1,8,0,0,10,2,0,0,0,0,0,0,0,0,0,0,0,0,0,0,0,0,0,0,0,0,0,0,0,0,0,0,0,0,0,0,0,0,0,0,0,0,0,0,0
905,2024,"Uttar Pradesh",9,"Siddharthnagar",182,"Sidharthnagar",1,0,0,0,8,9,0,0,6,8,0,0,0,0,0,0,0,0,0,0,0,0,0,0,0,0,0,0,0,0,0,0,0,0,0,0,0,0,0,0,0,0,0,0,0,0,0,0,0
906,2024,"Uttar Pradesh",9,"Sitapur",183,"Sitapur",0,0,0,0,0,0,0,0,0,0,0,0,70,0,0,0,0,0,0,0,0,0,0,0,0,0,0,0,0,0,0,0,0,0,0,0,0,0,0,0,0,0,0,0,0,0,0,0,0
907,2024,"Uttar Pradesh",9,"Sonbhadra",184,"Sonbhadra",0,0,74,0,0,0,0,0,0,0,0,0,0,0,0,0,0,0,0,0,0,0,0,0,0,0,0,0,0,0,0,0,0,0,0,0,0,0,0,0,0,0,0,0,0,0,0,0,0
908,2024,"Uttar Pradesh",9,"Sultanpur",185,"Sultanpur",0,0,3,0,2,31,3,0,36,22,0,0,0,0,0,0,0,0,0,0,0,0,0,0,0,0,3,2,8,0,0,0,0,0,0,0,0,0,0,0,0,0,0,0,0,0,0,0,0
909,2024,"Uttar Pradesh",9,"Unnao",186,"Unnao",0,0,5,0,1,1,2,0,34,8,0,0,1,0,0,0,0,0,0,0,0,0,0,0,0,0,3,0,0,2,1,5,13,1,0,0,0,0,0,0,0,0,0,0,0,0,0,0,0
910,2024,"Uttar Pradesh",9,"Varanasi",187,"Varanasi Commissionarate",0,234,3,2,0,0,9,0,0,0,0,0,0,0,0,0,0,0,0,0,0,0,0,0,1,0,7,0,0,0,0,0,0,0,0,0,0,0,0,0,0,0,0,0,0,0,0,0,0
911,2024,"Uttarakhand",5,"Almora",45,"Almora",0,0,0,0,0,0,0,0,0,0,0,0,0,0,0,0,0,0,0,0,0,2,0,0,0,0,0,0,0,0,0,1,1,0,0,6,0,0,0,0,0,0,0,3,0,0,0,0,0
912,2024,"Uttarakhand",5,"Bageshwar",46,"Bageshwar",0,0,0,0,0,6,0,0,0,0,0,0,0,0,0,0,0,0,0,0,0,0,0,0,0,0,0,0,0,0,0,0,0,0,0,0,0,0,0,0,0,0,0,0,0,0,0,0,0
913,2024,"Uttarakhand",5,"Chamoli",47,"Chamoli",0,0,0,0,0,1,0,0,0,5,0,0,0,0,0,0,0,0,0,0,0,0,0,0,0,0,0,0,0,0,0,0,0,0,0,0,0,0,0,0,0,0,0,0,0,0,0,0,0
914,2024,"Uttarakhand",5,"Champawat",48,"Champawat",0,0,0,1,8,1,0,0,2,0,0,0,0,0,0,0,0,0,0,0,0,0,0,0,0,0,0,0,0,0,0,0,0,0,0,0,0,0,0,0,0,0,0,0,0,0,0,0,0
915,2024,"Uttarakhand",5,"Dehradun",49,"Cyber Cell",0,0,9,0,3,100,0,0,0,0,0,0,0,0,0,0,0,0,0,0,0,0,0,0,0,0,0,0,0,0,0,0,0,0,0,16,0,0,0,0,0,0,0,0,0,0,0,0,0
916,2024,"Uttarakhand",5,"Dehradun",49,"Dehradun",0,0,0,0,0,115,0,0,0,54,0,0,0,0,0,0,0,0,0,0,0,0,0,0,0,0,0,0,0,0,0,0,0,0,0,0,0,0,0,0,0,0,0,0,0,0,0,0,0
917,2024,"Uttarakhand",5,"Dehradun",49,"Grp",0,0,0,0,0,0,0,0,0,0,0,0,0,0,0,0,0,0,0,0,0,0,0,0,0,0,0,0,0,0,0,0,0,0,0,0,0,0,0,0,0,0,0,0,0,0,0,0,0
918,2024,"Uttarakhand",5,"Haridwar",50,"Haridwar",0,0,0,0,4,17,3,0,8,2,0,0,0,0,0,0,0,0,0,0,0,0,0,0,0,0,0,0,0,0,0,0,0,0,0,0,0,0,0,0,0,0,0,0,0,0,0,0,0
919,2024,"Uttarakhand",5,"Nainital",51,"Nainital",0,0,0,0,1,26,0,0,2,0,0,0,0,0,0,0,0,0,0,0,0,0,0,0,0,0,0,0,0,0,0,0,0,0,0,0,0,0,0,0,0,1,0,0,0,0,0,0,0
920,2024,"Uttarakhand",5,"Pauri Garhwal",52,"Pauri Garhwal",0,0,12,0,0,0,0,0,0,4,0,0,0,0,0,0,0,0,0,0,0,0,0,0,0,0,0,0,0,0,0,0,0,0,0,0,0,0,0,0,0,0,0,0,0,0,0,0,0
921,2024,"Uttarakhand",5,"Pithoragarh",53,"Pithoragarh",0,0,0,0,0,7,0,0,0,6,6,0,0,0,0,0,0,0,0,0,0,0,0,0,0,0,0,0,0,0,0,0,0,0,0,0,0,0,0,0,0,0,0,0,0,0,0,0,0
922,2024,"Uttarakhand",5,"Rudraprayag",54,"Rudra Prayag",0,0,0,0,0,5,0,0,0,1,0,0,0,0,0,0,0,0,0,0,0,0,0,0,0,0,0,0,0,0,0,0,0,0,0,0,0,0,0,0,0,0,0,0,0,0,0,0,0
923,2024,"Uttarakhand",5,"Tehri Garhwal",55,"Tehri Garhwal",0,0,0,0,0,4,1,0,0,2,1,0,0,0,0,0,0,0,0,0,0,0,0,0,0,0,0,0,0,0,0,0,0,0,0,0,0,0,0,0,0,0,0,0,0,0,0,0,0
924,2024,"Uttarakhand",5,"Udham Singh Nagar",56,"Udhamsingh Nagar",0,0,0,0,0,88,0,0,0,4,2,0,0,0,0,0,0,0,0,0,0,0,0,0,0,0,0,0,0,0,0,0,0,0,0,0,0,0,0,0,0,0,0,0,0,0,0,0,0
925,2024,"Uttarakhand",5,"Uttarkashi",57,"Uttarkashi",0,0,0,0,0,0,0,0,0,1,0,0,0,0,0,0,0,0,0,0,0,0,0,0,0,0,0,0,0,0,0,0,0,0,0,0,0,0,0,0,0,0,1,0,0,0,0,0,0
926,2024,"West Bengal",19,"Alipurduar",664,"Alipurduar",0,0,0,0,0,0,0,0,0,1,0,0,0,0,0,0,0,0,0,0,0,0,0,0,0,0,0,0,0,0,0,0,0,0,0,0,0,0,0,0,0,0,0,0,0,0,0,0,0
927,2024,"West Bengal",19,"Bankura",305,"Bankura",0,0,0,0,0,0,0,0,0,0,0,0,0,0,0,0,0,0,0,0,0,1,0,0,0,0,0,0,0,0,0,0,0,0,0,0,0,0,0,0,0,2,1,0,0,0,0,0,0
928,2024,"West Bengal",19,"Birbhum",307,"Birbhum",0,0,0,0,0,0,0,0,0,0,0,0,0,0,0,0,0,0,0,0,0,0,0,0,0,0,0,0,0,0,0,0,0,0,0,0,0,0,0,0,0,0,0,0,0,0,0,0,0
929,2024,"West Bengal",19,"Cooch Behar",308,"Coochbehar",0,0,0,0,0,0,0,0,0,0,0,0,0,0,0,0,0,0,0,0,0,0,0,0,0,0,0,0,0,0,0,0,0,0,0,0,0,0,0,0,0,0,0,0,0,0,0,0,7
930,2024,"West Bengal",19,"Dakshin Dinajpur",310,"Dakshin Dinajpur",0,0,0,0,0,0,0,0,0,0,0,0,0,0,0,0,0,0,0,0,0,0,0,0,0,0,0,0,0,0,0,0,0,0,0,0,0,0,0,0,0,0,0,0,0,0,0,0,0
931,2024,"West Bengal",19,"Darjeeling",309,"Darjeeling",0,0,0,0,0,0,0,0,0,0,0,0,0,0,0,0,0,0,0,0,0,0,0,0,0,0,0,0,0,0,0,0,0,0,0,0,0,0,0,0,0,0,0,0,0,0,0,0,0
932,2024,"West Bengal",19,"Darjeeling",309,"Siliguri Grp",0,0,0,0,0,0,0,0,0,0,0,0,0,0,0,0,0,0,0,0,0,0,0,0,0,0,0,0,0,0,0,0,0,0,0,0,0,0,0,0,0,0,0,0,0,0,0,0,0
933,2024,"West Bengal",19,"Darjeeling",309,"Siliguri Pc",0,0,0,0,0,0,0,0,1,1,0,0,0,0,0,0,0,0,0,0,0,2,0,0,0,0,0,0,0,0,0,16,13,0,0,0,0,0,0,0,0,0,0,0,0,0,0,0,0
934,2024,"West Bengal",19,"Hooghly",312,"Chandannagar Pc",0,0,0,0,0,0,0,0,0,0,0,0,0,0,0,0,0,0,0,0,0,0,0,0,0,0,0,0,0,0,0,0,0,0,0,0,0,0,0,0,0,0,0,0,0,0,0,0,0
935,2024,"West Bengal",19,"Hooghly",312,"Hooghly Rural Police",0,0,0,0,0,0,0,0,0,0,0,0,0,0,0,0,0,0,0,0,0,0,0,0,0,0,0,0,0,0,0,0,0,0,0,0,0,0,0,0,0,0,0,0,0,0,0,0,0
936,2024,"West Bengal",19,"Howrah",313,"Howrah Grp",0,0,0,0,0,0,0,0,0,0,0,0,0,0,0,0,0,0,0,0,0,0,0,0,0,0,0,0,0,0,0,0,0,0,0,0,0,0,0,0,0,0,0,0,0,0,0,0,0
937,2024,"West Bengal",19,"Howrah",313,"Howrah Pc",0,0,0,0,0,0,0,0,0,0,0,0,0,0,0,0,0,0,0,0,0,0,0,0,0,0,0,0,0,0,0,0,0,0,0,0,0,0,0,0,0,0,0,0,0,0,0,0,0
938,2024,"West Bengal",19,"Howrah",313,"Howrah Rural",0,0,0,0,0,0,0,0,0,0,0,0,0,0,0,0,0,0,0,0,0,0,0,0,0,0,0,0,0,0,0,0,0,0,0,6,4,0,0,0,0,0,1,2,0,0,3,1,0
939,2024,"West Bengal",19,"Jalpaiguri",314,"Jalpaiguri",0,0,0,0,0,0,0,0,0,0,0,0,0,0,0,0,0,0,0,0,0,0,0,0,0,0,0,0,0,0,0,0,0,0,0,0,0,0,0,0,0,0,0,7,0,0,0,0,0
940,2024,"West Bengal",19,"Jhargram",703,"Jhargram",0,0,0,0,0,0,0,0,0,0,0,0,0,0,0,0,0,0,0,0,0,0,0,0,0,0,0,0,0,0,0,0,0,0,0,0,0,0,0,0,0,0,0,0,0,0,0,0,0
941,2024,"West Bengal",19,"Kalimpong",702,"Kalimpong",0,0,0,0,0,0,0,0,0,0,0,0,0,0,0,0,0,0,0,0,0,0,0,0,0,0,0,0,0,0,0,0,0,0,0,0,0,0,0,0,0,0,0,0,0,0,0,0,0
942,2024,"West Bengal",19,"Kolkata",315,"Kolkata",0,0,0,0,2,0,1,0,0,3,0,0,1,0,0,0,0,0,0,1,0,0,0,0,0,0,0,0,0,0,0,0,0,0,0,0,0,0,0,0,0,0,0,9,0,0,0,0,4
943,2024,"West Bengal",19,"Kolkata",315,"Sealdah Grp",0,0,0,0,0,0,0,0,0,0,0,0,0,0,0,0,0,0,0,0,0,0,0,0,0,0,0,0,0,0,0,0,0,0,0,0,0,0,0,0,0,0,0,0,0,0,0,0,0
944,2024,"West Bengal",19,"Malda",316,"Malda",0,0,0,0,0,0,0,0,0,0,0,0,0,0,0,0,0,0,0,0,0,0,0,0,0,0,0,0,0,0,0,0,0,0,0,0,0,0,0,0,0,0,0,1,0,0,0,0,0
945,2024,"West Bengal",19,"Murshidabad",319,"Jangipur Police District",0,0,0,0,0,0,0,0,0,0,0,0,0,0,0,0,0,0,0,0,0,0,0,0,0,0,0,0,0,0,0,0,0,0,0,0,0,0,0,0,0,0,0,6,0,0,0,0,0
946,2024,"West Bengal",19,"Murshidabad",319,"Murshidabad Police District",0,0,0,0,0,0,0,0,0,0,0,0,0,0,0,0,0,0,0,0,0,0,0,0,0,0,0,0,0,0,0,0,0,0,0,1,0,0,0,0,0,0,0,7,0,0,0,0,0
947,2024,"West Bengal",19,"Nadia",320,"Krishnagar",0,0,0,0,0,0,0,0,0,0,0,0,0,0,0,0,0,0,0,0,0,0,0,0,0,0,0,0,0,0,0,0,0,0,0,0,0,0,0,0,0,0,0,15,0,0,0,0,0
948,2024,"West Bengal",19,"Nadia",320,"Ranaghat",0,0,0,0,0,0,0,0,0,0,0,0,0,0,0,0,0,0,0,0,0,0,0,0,0,0,0,0,0,0,0,0,0,0,0,0,0,0,0,0,0,0,0,0,0,0,0,0,0
949,2024,"West Bengal",19,"North 24 Parganas",303,"Bangaon",0,0,0,0,0,0,0,0,0,0,0,0,20,0,0,0,0,0,0,0,0,0,0,0,0,0,0,0,0,0,0,0,0,0,0,0,0,0,0,0,0,0,0,0,0,0,0,0,0
950,2024,"West Bengal",19,"North 24 Parganas",303,"Barasat",0,0,0,0,0,0,0,0,3,1,0,0,0,0,0,0,0,0,0,0,0,7,0,0,0,0,0,0,0,0,0,0,0,0,0,1,1,0,0,0,0,0,0,3,0,0,0,0,0
951,2024,"West Bengal",19,"North 24 Parganas",303,"Barrackpur Pc",0,0,0,0,1,0,1,0,0,0,0,0,0,0,0,0,0,0,0,0,0,0,0,0,0,0,0,0,0,0,0,0,0,0,0,1,0,0,0,0,0,0,0,8,0,0,0,0,0
952,2024,"West Bengal",19,"North 24 Parganas",303,"Basirhat",0,0,0,0,0,0,0,0,0,0,0,0,0,0,0,0,0,0,0,0,0,0,0,0,0,0,0,0,0,0,0,0,0,0,0,0,0,0,0,0,0,4,0,0,0,0,0,0,0
953,2024,"West Bengal",19,"North 24 Parganas",303,"Bidhannagar Pc",0,0,0,2,2,4,0,0,0,2,0,0,0,0,0,0,0,0,1,0,0,0,0,0,0,0,0,0,0,0,0,0,0,0,0,0,0,0,0,0,0,0,0,12,0,0,0,0,0
954,2024,"West Bengal",19,"Paschim Bardhaman",704,"Asansol-Durgapur Pc",0,0,6,0,0,0,0,0,0,0,0,0,0,0,0,0,0,0,0,0,0,0,0,0,0,0,0,0,0,0,0,0,0,0,0,5,0,0,0,0,0,0,0,3,0,0,0,0,0
955,2024,"West Bengal",19,"Paschim Medinipur",318,"Kharagpur Grp",0,0,0,0,0,0,0,0,0,0,0,0,0,0,0,0,0,0,0,0,0,0,0,0,0,0,0,0,0,0,0,0,0,0,0,0,0,0,0,0,0,0,0,0,0,0,0,0,0
956,2024,"West Bengal",19,"Paschim Medinipur",318,"Paschim Medinipur",0,0,0,0,0,0,0,0,0,0,0,0,0,0,0,0,0,0,0,2,0,0,0,0,0,0,0,0,0,0,0,0,0,0,0,0,0,0,0,0,0,0,0,0,0,0,0,0,0
957,2024,"West Bengal",19,"Purba Bardhaman",306,"Purba Bardhaman",0,0,0,0,0,0,1,0,1,2,0,0,0,0,0,0,0,0,0,0,0,1,0,0,0,0,0,0,0,0,0,0,0,0,0,3,0,0,0,0,0,0,0,13,0,0,0,0,0
958,2024,"West Bengal",19,"Purba Medinipur",317,"Purab Medinipur",0,0,0,0,0,0,0,0,0,3,0,0,0,0,0,0,0,0,0,0,0,1,0,0,0,0,0,0,0,0,0,0,0,0,0,1,0,0,0,0,0,0,0,17,0,0,0,0,0
959,2024,"West Bengal",19,"Purulia",321,"Purulia",0,0,0,0,0,0,1,0,0,0,0,0,0,0,0,0,0,0,0,0,0,0,0,0,0,0,0,0,0,0,0,0,0,0,0,0,0,0,0,0,0,0,0,6,0,0,0,0,0
960,2024,"West Bengal",19,"South 24 Parganas",304,"Baruipur Police",0,0,0,0,0,0,0,0,0,0,0,0,0,0,0,0,0,0,0,5,0,0,0,0,0,0,0,0,0,0,0,0,0,0,0,0,0,0,0,0,0,0,0,0,0,0,0,0,0
961,2024,"West Bengal",19,"South 24 Parganas",304,"Diamond Harbour Police",0,0,0,0,0,0,0,0,0,0,0,0,0,0,0,0,0,0,0,0,0,0,0,0,0,0,0,0,0,0,0,0,0,0,0,0,0,0,0,0,0,0,0,0,0,0,0,0,0
962,2024,"West Bengal",19,"South 24 Parganas",304,"Sundarban Police",0,0,0,0,0,0,0,0,0,0,0,0,0,0,0,0,0,0,0,0,0,0,0,0,0,0,0,0,0,0,0,0,0,0,0,2,0,0,0,0,0,0,0,0,0,0,0,0,0
963,2024,"West Bengal",19,"Uttar Dinajpur",311,"Islampur",0,0,0,0,0,0,0,0,0,0,0,0,0,0,0,0,0,0,0,0,0,0,0,0,0,0,0,0,0,0,0,0,0,0,0,7,0,0,0,0,0,0,1,7,0,0,0,0,0
964,2024,"West Bengal",19,"Uttar Dinajpur",311,"Raiganj",0,0,0,0,0,0,0,0,0,0,0,0,0,0,0,0,0,0,0,0,0,0,0,0,0,0,0,0,0,0,0,0,0,0,0,0,0,0,0,0,0,0,0,0,0,0,0,0,0
